registration_id,patient_id,reg_dt,unit_id,gender_id,source,created_at,modified_at
1001,5655,2025-05-14 05:40:50,12,1,online,2025-05-14 05:40:50,2025-05-14 07:30:06
1002,5143,2025-05-10 19:19:27,14,1,mobile_app,2025-05-10 19:19:27,2025-05-12 20:35:59
1003,5433,2025-04-13 08:14:09,10,1,online,2025-04-13 08:14:09,2025-04-13 10:24:20
1004,5518,2025-11-20 19:13:16,14,1,mobile_app,2025-11-20 19:13:16,2025-11-20 21:09:12
1005,5430,2025-06-25 14:39:19,14,2,walkin,2025-06-25 14:39:19,2025-06-26 23:21:56
1006,5778,2025-06-02 00:07:57,13,2,referral,2025-06-02 00:07:57,2025-06-04 02:58:10
1007,5160,2025-06-23 14:52:10,12,1,walkin,2025-06-23 14:52:10,2025-06-26 12:34:17
1008,5390,2025-05-08 13:27:43,12,3,referral,2025-05-08 13:27:43,2025-05-09 15:36:07
1009,5827,2025-04-17 20:59:14,13,3,walkin,2025-04-17 20:59:14,2025-04-20 02:07:28
1010,5997,2025-08-26 00:11:46,14,2,mobile_app,2025-08-26 00:11:46,2025-08-26 05:56:02
1011,5907,2025-08-19 10:40:57,11,3,walkin,2025-08-19 10:40:57,2025-08-21 04:43:26
1012,5047,2025-12-13 19:25:15,12,1,online,2025-12-13 19:25:15,2025-12-14 12:00:57
1013,5888,2025-05-10 05:24:05,12,2,referral,2025-05-10 05:24:05,2025-05-11 09:04:52
1014,5167,2025-08-22 18:20:12,11,3,referral,2025-08-22 18:20:12,2025-08-23 20:12:24
1015,5719,2025-12-22 11:07:33,10,3,online,2025-12-22 11:07:33,2025-12-24 10:18:51
1016,5547,2025-07-05 01:48:11,13,2,referral,2025-07-05 01:48:11,2025-07-05 13:42:05
1017,5948,2025-12-05 13:13:48,14,1,referral,2025-12-05 13:13:48,2025-12-07 15:20:25
1018,5864,2025-04-22 17:22:46,10,2,phone,2025-04-22 17:22:46,2025-04-23 10:03:29
1019,5275,2025-04-26 16:55:21,14,3,referral,2025-04-26 16:55:21,2025-04-27 08:17:08
1020,5218,2025-12-11 13:07:52,13,3,phone,2025-12-11 13:07:52,2025-12-13 01:29:02
1021,5147,2025-07-12 20:51:43,11,3,mobile_app,2025-07-12 20:51:43,2025-07-13 07:01:46
1022,5552,2025-07-12 00:55:45,14,2,mobile_app,2025-07-12 00:55:45,2025-07-14 07:19:30
1023,5409,2025-08-19 14:03:05,11,3,phone,2025-08-19 14:03:05,2025-08-20 06:01:18
1024,5094,2025-04-19 07:09:23,10,1,online,2025-04-19 07:09:23,2025-04-21 21:51:35
1025,5812,2025-12-21 06:32:40,14,1,phone,2025-12-21 06:32:40,2025-12-22 13:17:06
1026,5391,2025-11-18 10:04:57,14,2,mobile_app,2025-11-18 10:04:57,2025-11-19 20:09:53
1027,5882,2025-04-05 11:00:39,10,3,mobile_app,2025-04-05 11:00:39,2025-04-07 12:32:51
1028,5769,2025-07-13 14:59:27,12,1,referral,2025-07-13 14:59:27,2025-07-15 22:57:30
1029,5446,2025-06-01 10:08:13,10,3,referral,2025-06-01 10:08:13,2025-06-02 19:10:33
1030,5996,2025-10-12 09:48:02,11,3,walkin,2025-10-12 09:48:02,2025-10-14 17:17:05
1031,5892,2025-11-29 20:13:12,14,3,online,2025-11-29 20:13:12,2025-11-30 17:57:07
1032,5157,2025-08-24 05:07:46,11,3,mobile_app,2025-08-24 05:07:46,2025-08-26 12:39:13
1033,5941,2025-04-01 05:19:49,12,2,walkin,2025-04-01 05:19:49,2025-04-03 00:56:38
1034,5115,2025-08-19 23:13:33,12,1,walkin,2025-08-19 23:13:33,2025-08-22 15:12:44
1035,5247,2025-11-07 08:08:59,10,1,phone,2025-11-07 08:08:59,2025-11-10 05:06:16
1036,5836,2025-04-27 21:06:26,14,1,online,2025-04-27 21:06:26,2025-04-30 20:19:18
1037,5676,2025-10-02 13:57:10,14,1,referral,2025-10-02 13:57:10,2025-10-05 10:54:00
1038,5541,2025-11-22 13:51:54,11,3,online,2025-11-22 13:51:54,2025-11-23 20:40:37
1039,5731,2025-07-31 01:24:23,12,2,mobile_app,2025-07-31 01:24:23,2025-08-01 06:27:36
1040,5463,2025-05-17 23:50:27,11,1,referral,2025-05-17 23:50:27,2025-05-18 17:53:33
1041,5022,2025-11-15 11:26:04,11,3,online,2025-11-15 11:26:04,2025-11-17 03:46:11
1042,5008,2025-04-28 13:42:12,10,1,walkin,2025-04-28 13:42:12,2025-04-30 17:14:48
1043,5928,2025-04-13 04:47:23,12,1,mobile_app,2025-04-13 04:47:23,2025-04-15 19:23:11
1044,5244,2025-07-18 03:35:46,13,1,mobile_app,2025-07-18 03:35:46,2025-07-20 04:18:34
1045,5136,2025-11-08 18:30:26,13,1,phone,2025-11-08 18:30:26,2025-11-10 12:27:56
1046,5827,2025-09-06 02:04:25,10,1,phone,2025-09-06 02:04:25,2025-09-06 15:56:19
1047,5363,2025-09-12 12:02:20,13,3,walkin,2025-09-12 12:02:20,2025-09-13 17:58:27
1048,5690,2025-12-10 18:38:47,10,1,phone,2025-12-10 18:38:47,2025-12-13 18:18:40
1049,5746,2025-08-10 18:31:46,10,1,online,2025-08-10 18:31:46,2025-08-13 04:49:36
1050,5195,2025-10-26 06:32:43,11,2,online,2025-10-26 06:32:43,2025-10-27 15:12:44
1051,5286,2025-09-27 16:00:22,10,2,mobile_app,2025-09-27 16:00:22,2025-09-28 10:11:47
1052,5101,2025-04-20 15:31:02,14,1,walkin,2025-04-20 15:31:02,2025-04-22 15:00:17
1053,5949,2025-07-01 19:12:59,13,2,phone,2025-07-01 19:12:59,2025-07-02 07:19:36
1054,5219,2025-09-03 17:57:59,10,1,phone,2025-09-03 17:57:59,2025-09-06 11:40:48
1055,5003,2025-08-30 14:59:40,13,2,phone,2025-08-30 14:59:40,2025-08-31 10:18:21
1056,5714,2025-11-02 20:08:10,13,1,online,2025-11-02 20:08:10,2025-11-04 20:19:55
1057,5304,2025-06-24 13:07:09,10,3,mobile_app,2025-06-24 13:07:09,2025-06-27 11:39:30
1058,5063,2025-07-31 19:00:31,10,3,phone,2025-07-31 19:00:31,2025-07-31 23:10:16
1059,5515,2025-10-24 06:27:15,10,3,walkin,2025-10-24 06:27:15,2025-10-24 17:55:05
1060,5872,2025-06-12 04:00:51,14,1,online,2025-06-12 04:00:51,2025-06-12 09:00:13
1061,5414,2025-05-17 13:25:27,14,1,mobile_app,2025-05-17 13:25:27,2025-05-20 09:59:20
1062,5609,2025-04-16 10:25:08,10,2,mobile_app,2025-04-16 10:25:08,2025-04-18 07:31:15
1063,5579,2025-10-21 00:41:17,12,1,referral,2025-10-21 00:41:17,2025-10-21 23:43:31
1064,5245,2025-07-13 03:42:24,11,3,referral,2025-07-13 03:42:24,2025-07-14 08:31:36
1065,5469,2025-08-01 18:59:06,10,1,phone,2025-08-01 18:59:06,2025-08-04 14:38:02
1066,5637,2025-11-05 15:28:51,10,3,online,2025-11-05 15:28:51,2025-11-05 22:45:40
1067,5519,2025-07-12 23:50:49,12,1,online,2025-07-12 23:50:49,2025-07-13 09:29:31
1068,5379,2025-07-20 16:16:30,13,3,referral,2025-07-20 16:16:30,2025-07-21 03:45:42
1069,5627,2025-12-10 23:30:03,10,3,mobile_app,2025-12-10 23:30:03,2025-12-12 14:01:01
1070,5307,2025-12-14 15:13:51,11,2,walkin,2025-12-14 15:13:51,2025-12-14 22:46:25
1071,5912,2025-05-12 13:38:51,14,1,referral,2025-05-12 13:38:51,2025-05-14 19:42:31
1072,5289,2025-11-21 21:25:21,12,1,referral,2025-11-21 21:25:21,2025-11-22 12:45:36
1073,5518,2025-10-07 17:26:48,10,1,phone,2025-10-07 17:26:48,2025-10-08 11:43:57
1074,5850,2025-07-17 10:50:47,10,2,online,2025-07-17 10:50:47,2025-07-17 14:03:24
1075,5653,2025-07-11 17:36:00,13,3,phone,2025-07-11 17:36:00,2025-07-12 05:21:57
1076,5575,2025-04-04 18:07:41,10,3,online,2025-04-04 18:07:41,2025-04-05 02:16:28
1077,5559,2025-04-14 23:48:23,12,3,mobile_app,2025-04-14 23:48:23,2025-04-17 12:34:47
1078,5152,2025-09-14 21:54:09,10,2,referral,2025-09-14 21:54:09,2025-09-15 07:10:58
1079,5921,2025-04-16 11:50:49,12,1,online,2025-04-16 11:50:49,2025-04-19 05:18:16
1080,5683,2025-05-10 22:06:21,14,2,mobile_app,2025-05-10 22:06:21,2025-05-11 23:51:35
1081,5768,2025-05-31 00:32:29,11,1,online,2025-05-31 00:32:29,2025-06-02 19:57:12
1082,5903,2025-09-08 02:51:44,11,3,referral,2025-09-08 02:51:44,2025-09-08 04:40:01
1083,5802,2025-09-07 21:26:41,11,2,online,2025-09-07 21:26:41,2025-09-10 07:51:42
1084,5807,2025-12-29 08:23:11,13,1,phone,2025-12-29 08:23:11,2025-12-29 16:15:27
1085,5228,2025-06-17 12:09:12,13,2,referral,2025-06-17 12:09:12,2025-06-19 23:36:55
1086,5841,2025-06-28 09:20:37,10,3,online,2025-06-28 09:20:37,2025-06-29 01:34:35
1087,5409,2025-08-06 11:37:23,10,2,referral,2025-08-06 11:37:23,2025-08-07 07:54:37
1088,5657,2025-10-15 20:00:18,14,2,walkin,2025-10-15 20:00:18,2025-10-17 01:06:31
1089,5119,2025-07-11 10:42:07,14,2,walkin,2025-07-11 10:42:07,2025-07-11 23:42:17
1090,5112,2025-11-18 16:26:49,12,3,referral,2025-11-18 16:26:49,2025-11-20 00:05:27
1091,5447,2025-11-22 10:16:33,14,1,phone,2025-11-22 10:16:33,2025-11-25 09:56:44
1092,5922,2025-11-10 22:11:24,12,1,phone,2025-11-10 22:11:24,2025-11-11 12:01:52
1093,5002,2025-10-19 22:00:31,14,3,online,2025-10-19 22:00:31,2025-10-22 17:24:24
1094,5373,2025-09-15 11:58:59,12,3,referral,2025-09-15 11:58:59,2025-09-15 17:04:42
1095,5680,2025-05-19 09:35:31,12,3,referral,2025-05-19 09:35:31,2025-05-21 14:00:10
1096,5683,2025-09-06 14:29:52,13,3,referral,2025-09-06 14:29:52,2025-09-07 14:14:58
1097,5568,2025-05-20 10:24:29,13,3,phone,2025-05-20 10:24:29,2025-05-21 00:22:38
1098,5694,2025-06-07 14:03:08,14,2,phone,2025-06-07 14:03:08,2025-06-09 10:52:21
1099,5562,2025-04-01 03:47:01,12,1,phone,2025-04-01 03:47:01,2025-04-02 01:54:39
1100,5805,2025-11-12 05:50:59,12,2,phone,2025-11-12 05:50:59,2025-11-14 02:01:31
1101,5453,2025-12-19 09:18:08,14,2,online,2025-12-19 09:18:08,2025-12-20 00:51:48
1102,5675,2025-05-03 22:21:06,14,3,mobile_app,2025-05-03 22:21:06,2025-05-04 19:00:58
1103,5344,2025-05-07 06:25:54,11,3,referral,2025-05-07 06:25:54,2025-05-09 18:01:38
1104,5231,2025-06-17 08:01:31,10,1,online,2025-06-17 08:01:31,2025-06-17 18:45:18
1105,5487,2025-11-24 09:29:10,10,2,phone,2025-11-24 09:29:10,2025-11-26 23:21:43
1106,5908,2025-12-01 13:50:19,11,3,phone,2025-12-01 13:50:19,2025-12-03 07:45:27
1107,5507,2025-09-03 05:02:04,11,3,walkin,2025-09-03 05:02:04,2025-09-03 22:48:03
1108,5915,2025-05-12 09:27:56,13,1,online,2025-05-12 09:27:56,2025-05-14 18:08:54
1109,5824,2025-12-27 06:22:04,13,1,mobile_app,2025-12-27 06:22:04,2025-12-28 20:05:03
1110,5256,2025-05-18 03:08:38,11,2,mobile_app,2025-05-18 03:08:38,2025-05-19 12:22:56
1111,5573,2025-11-18 06:01:04,13,3,mobile_app,2025-11-18 06:01:04,2025-11-19 05:07:21
1112,5437,2025-10-30 18:32:12,11,3,phone,2025-10-30 18:32:12,2025-11-01 03:00:25
1113,5461,2025-07-10 15:50:25,11,3,referral,2025-07-10 15:50:25,2025-07-12 22:34:58
1114,5785,2025-10-20 10:51:59,11,2,phone,2025-10-20 10:51:59,2025-10-21 22:09:13
1115,5080,2026-01-03 02:43:12,11,2,referral,2026-01-03 02:43:12,2026-01-03 23:31:33
1116,5328,2025-10-27 18:35:01,11,1,online,2025-10-27 18:35:01,2025-10-28 00:27:03
1117,5393,2025-12-26 12:04:51,11,1,phone,2025-12-26 12:04:51,2025-12-26 23:12:27
1118,5418,2025-08-07 12:02:17,13,2,walkin,2025-08-07 12:02:17,2025-08-09 03:32:59
1119,5212,2025-09-11 04:01:17,14,3,walkin,2025-09-11 04:01:17,2025-09-12 08:22:56
1120,5878,2025-11-10 13:49:22,13,1,referral,2025-11-10 13:49:22,2025-11-11 17:31:16
1121,5306,2025-08-30 10:56:20,13,3,mobile_app,2025-08-30 10:56:20,2025-09-02 01:05:06
1122,5820,2025-11-21 06:43:17,11,2,online,2025-11-21 06:43:17,2025-11-24 00:05:52
1123,5280,2025-09-17 06:17:08,10,2,referral,2025-09-17 06:17:08,2025-09-18 17:38:56
1124,5685,2025-12-20 18:03:40,13,3,online,2025-12-20 18:03:40,2025-12-23 04:10:48
1125,5861,2025-09-29 12:23:30,11,3,mobile_app,2025-09-29 12:23:30,2025-10-02 07:21:02
1126,5028,2025-09-01 00:32:05,14,3,walkin,2025-09-01 00:32:05,2025-09-02 19:38:06
1127,5086,2025-12-06 14:51:39,11,2,online,2025-12-06 14:51:39,2025-12-07 22:04:17
1128,5052,2025-07-11 00:49:57,12,1,phone,2025-07-11 00:49:57,2025-07-12 04:26:16
1129,5335,2025-08-10 01:43:59,13,2,phone,2025-08-10 01:43:59,2025-08-12 09:09:50
1130,5259,2025-05-02 19:25:17,10,3,mobile_app,2025-05-02 19:25:17,2025-05-04 05:40:05
1131,5054,2025-08-14 21:52:00,10,3,walkin,2025-08-14 21:52:00,2025-08-15 14:11:38
1132,5773,2025-04-13 01:13:13,11,1,walkin,2025-04-13 01:13:13,2025-04-15 22:22:08
1133,5637,2025-05-30 04:18:23,11,2,walkin,2025-05-30 04:18:23,2025-05-30 21:40:36
1134,5578,2025-06-24 15:34:36,12,2,online,2025-06-24 15:34:36,2025-06-26 01:26:21
1135,5621,2025-11-22 19:57:24,10,1,referral,2025-11-22 19:57:24,2025-11-25 18:08:01
1136,5111,2025-11-11 17:43:57,12,3,phone,2025-11-11 17:43:57,2025-11-11 19:36:08
1137,5407,2026-01-03 16:25:12,10,3,online,2026-01-03 16:25:12,2026-01-04 06:51:42
1138,5105,2025-12-27 18:18:35,12,3,mobile_app,2025-12-27 18:18:35,2025-12-30 02:33:36
1139,5825,2025-05-18 00:18:53,14,1,referral,2025-05-18 00:18:53,2025-05-20 10:17:39
1140,5546,2025-09-14 08:46:20,12,1,mobile_app,2025-09-14 08:46:20,2025-09-16 08:56:33
1141,5664,2025-08-11 12:30:18,13,2,walkin,2025-08-11 12:30:18,2025-08-11 13:25:34
1142,5444,2025-08-19 15:50:13,13,3,online,2025-08-19 15:50:13,2025-08-21 14:07:07
1143,5446,2025-06-08 09:42:55,14,3,referral,2025-06-08 09:42:55,2025-06-10 15:08:55
1144,5631,2025-10-27 00:08:06,13,2,phone,2025-10-27 00:08:06,2025-10-29 08:32:33
1145,5846,2025-11-17 02:15:49,12,1,walkin,2025-11-17 02:15:49,2025-11-17 21:48:27
1146,5286,2025-09-23 01:46:45,13,3,mobile_app,2025-09-23 01:46:45,2025-09-23 19:32:12
1147,5685,2025-08-26 04:26:10,10,2,referral,2025-08-26 04:26:10,2025-08-27 04:55:54
1148,5187,2025-10-07 08:17:41,12,2,referral,2025-10-07 08:17:41,2025-10-07 23:44:26
1149,5287,2025-11-18 12:34:02,12,3,walkin,2025-11-18 12:34:02,2025-11-20 15:37:33
1150,5530,2025-06-14 04:46:29,11,3,phone,2025-06-14 04:46:29,2025-06-14 11:00:31
1151,5501,2025-11-02 14:37:02,11,3,phone,2025-11-02 14:37:02,2025-11-04 21:49:30
1152,5662,2026-01-02 10:51:07,13,1,walkin,2026-01-02 10:51:07,2026-01-03 22:35:32
1153,5302,2025-06-26 01:25:41,11,2,mobile_app,2025-06-26 01:25:41,2025-06-27 06:52:32
1154,5378,2025-10-01 19:06:26,14,2,phone,2025-10-01 19:06:26,2025-10-03 11:24:35
1155,5764,2025-10-31 17:59:32,12,3,phone,2025-10-31 17:59:32,2025-11-01 18:04:46
1156,5278,2025-07-29 01:56:00,11,1,online,2025-07-29 01:56:00,2025-07-29 20:14:23
1157,5324,2025-05-17 10:19:51,14,3,online,2025-05-17 10:19:51,2025-05-19 16:25:32
1158,5197,2025-06-24 00:51:03,13,2,mobile_app,2025-06-24 00:51:03,2025-06-26 06:38:03
1159,6001,2025-10-21 17:58:12,12,1,online,2025-10-21 17:58:12,2025-10-23 13:25:37
1160,5304,2025-06-28 08:17:48,11,2,walkin,2025-06-28 08:17:48,2025-06-29 10:34:30
1161,5726,2025-10-25 10:29:59,12,1,walkin,2025-10-25 10:29:59,2025-10-25 19:43:01
1162,5567,2025-07-23 10:54:39,11,3,phone,2025-07-23 10:54:39,2025-07-25 13:41:42
1163,5106,2025-04-05 18:19:18,12,2,phone,2025-04-05 18:19:18,2025-04-07 12:07:25
1164,5452,2025-08-11 07:36:34,10,2,phone,2025-08-11 07:36:34,2025-08-11 21:02:03
1165,5117,2025-04-26 09:02:41,13,1,mobile_app,2025-04-26 09:02:41,2025-04-27 14:13:24
1166,5645,2025-12-23 14:11:14,11,1,mobile_app,2025-12-23 14:11:14,2025-12-23 18:05:27
1167,5972,2025-07-27 23:57:08,11,1,mobile_app,2025-07-27 23:57:08,2025-07-28 06:09:17
1168,5783,2025-09-09 15:01:22,14,3,online,2025-09-09 15:01:22,2025-09-11 11:10:24
1169,5795,2025-10-20 22:43:44,13,2,referral,2025-10-20 22:43:44,2025-10-22 02:25:37
1170,5881,2025-11-15 13:27:06,12,3,mobile_app,2025-11-15 13:27:06,2025-11-16 20:40:41
1171,5062,2025-11-23 18:10:18,10,1,online,2025-11-23 18:10:18,2025-11-26 16:05:04
1172,5271,2025-12-13 11:38:11,11,1,online,2025-12-13 11:38:11,2025-12-13 17:32:53
1173,5566,2025-04-30 03:39:19,10,2,phone,2025-04-30 03:39:19,2025-04-30 15:03:13
1174,5706,2025-11-17 14:43:17,12,1,online,2025-11-17 14:43:17,2025-11-19 00:56:21
1175,5296,2025-12-31 13:18:21,13,1,online,2025-12-31 13:18:21,2026-01-01 09:53:33
1176,5947,2025-07-12 17:49:40,14,3,online,2025-07-12 17:49:40,2025-07-15 03:11:44
1177,5436,2025-05-15 13:47:33,11,3,online,2025-05-15 13:47:33,2025-05-17 05:26:46
1178,5931,2025-07-13 03:52:26,11,1,walkin,2025-07-13 03:52:26,2025-07-15 16:04:02
1179,5170,2025-07-29 11:08:59,14,2,phone,2025-07-29 11:08:59,2025-07-31 06:28:46
1180,5128,2025-09-30 00:34:54,12,3,phone,2025-09-30 00:34:54,2025-10-02 02:43:46
1181,5966,2025-07-15 17:31:06,14,2,phone,2025-07-15 17:31:06,2025-07-17 05:57:41
1182,5083,2025-11-19 06:06:20,13,3,referral,2025-11-19 06:06:20,2025-11-19 09:00:29
1183,5619,2025-07-07 05:35:52,10,1,mobile_app,2025-07-07 05:35:52,2025-07-07 07:28:52
1184,5602,2025-04-09 01:21:41,12,3,walkin,2025-04-09 01:21:41,2025-04-11 09:02:58
1185,5782,2025-06-08 00:53:45,14,3,phone,2025-06-08 00:53:45,2025-06-09 11:09:23
1186,5939,2025-07-18 00:36:25,14,2,phone,2025-07-18 00:36:25,2025-07-18 13:49:21
1187,5993,2025-05-06 10:26:27,12,2,referral,2025-05-06 10:26:27,2025-05-07 20:39:57
1188,5329,2025-12-17 06:05:49,11,2,phone,2025-12-17 06:05:49,2025-12-17 13:42:49
1189,5711,2025-10-10 10:06:21,13,3,walkin,2025-10-10 10:06:21,2025-10-11 07:05:35
1190,5466,2025-05-05 04:46:36,12,2,walkin,2025-05-05 04:46:36,2025-05-06 03:40:44
1191,5994,2025-09-04 23:11:04,14,1,mobile_app,2025-09-04 23:11:04,2025-09-07 14:09:55
1192,5474,2025-09-08 11:44:47,11,3,referral,2025-09-08 11:44:47,2025-09-08 15:41:36
1193,5638,2025-10-11 14:17:32,13,1,online,2025-10-11 14:17:32,2025-10-13 11:49:59
1194,5274,2025-10-31 07:05:53,12,2,phone,2025-10-31 07:05:53,2025-10-31 16:38:17
1195,5125,2025-04-12 05:04:57,14,1,online,2025-04-12 05:04:57,2025-04-15 03:56:41
1196,5319,2025-10-31 22:11:30,14,2,walkin,2025-10-31 22:11:30,2025-10-31 23:11:14
1197,5231,2025-05-15 01:32:03,10,3,online,2025-05-15 01:32:03,2025-05-16 11:08:08
1198,5511,2026-01-04 07:13:37,14,3,referral,2026-01-04 07:13:37,2026-01-04 23:59:59
1199,5426,2025-10-05 09:13:19,13,1,phone,2025-10-05 09:13:19,2025-10-08 08:36:04
1200,5565,2025-05-27 04:09:39,11,3,mobile_app,2025-05-27 04:09:39,2025-05-28 08:05:33
1201,5765,2025-05-24 00:20:59,10,2,phone,2025-05-24 00:20:59,2025-05-26 15:15:58
1202,5349,2025-10-15 04:27:29,10,2,referral,2025-10-15 04:27:29,2025-10-15 23:54:46
1203,5858,2025-11-14 22:39:21,13,1,phone,2025-11-14 22:39:21,2025-11-16 16:53:04
1204,5552,2025-10-06 02:23:20,12,3,mobile_app,2025-10-06 02:23:20,2025-10-07 03:31:12
1205,5387,2025-09-24 20:07:09,12,1,online,2025-09-24 20:07:09,2025-09-27 16:02:50
1206,5586,2025-08-27 17:32:49,13,1,referral,2025-08-27 17:32:49,2025-08-28 10:33:15
1207,5763,2025-10-01 16:27:29,13,2,online,2025-10-01 16:27:29,2025-10-03 19:48:40
1208,5508,2025-04-15 09:02:52,14,3,referral,2025-04-15 09:02:52,2025-04-15 18:14:26
1209,5891,2025-05-09 23:27:57,13,1,mobile_app,2025-05-09 23:27:57,2025-05-12 15:07:20
1210,5933,2025-09-25 10:52:42,11,2,online,2025-09-25 10:52:42,2025-09-25 11:59:45
1211,5077,2025-09-30 07:58:10,12,2,mobile_app,2025-09-30 07:58:10,2025-10-02 16:52:42
1212,5710,2025-09-02 08:48:47,10,2,mobile_app,2025-09-02 08:48:47,2025-09-04 08:07:57
1213,5390,2025-08-01 23:29:45,13,3,walkin,2025-08-01 23:29:45,2025-08-03 21:08:16
1214,5633,2025-04-27 13:43:39,12,1,walkin,2025-04-27 13:43:39,2025-04-28 06:49:22
1215,5445,2025-05-09 05:33:23,10,2,online,2025-05-09 05:33:23,2025-05-11 12:55:29
1216,5711,2025-07-26 07:13:34,10,1,referral,2025-07-26 07:13:34,2025-07-29 01:00:41
1217,5816,2025-04-22 19:04:08,12,2,phone,2025-04-22 19:04:08,2025-04-23 16:25:52
1218,5150,2025-07-04 20:05:06,13,3,online,2025-07-04 20:05:06,2025-07-06 10:45:48
1219,5175,2025-06-07 23:45:52,14,2,mobile_app,2025-06-07 23:45:52,2025-06-08 05:30:53
1220,5700,2025-07-03 12:41:46,14,1,online,2025-07-03 12:41:46,2025-07-05 00:56:06
1221,5473,2025-12-04 17:42:07,13,2,walkin,2025-12-04 17:42:07,2025-12-05 12:11:45
1222,5921,2025-09-28 16:28:28,12,3,mobile_app,2025-09-28 16:28:28,2025-10-01 10:05:54
1223,5162,2025-04-29 16:26:34,12,3,referral,2025-04-29 16:26:34,2025-05-01 00:36:30
1224,5655,2025-09-12 18:50:45,12,2,referral,2025-09-12 18:50:45,2025-09-14 21:06:46
1225,5204,2025-08-28 09:36:03,13,1,online,2025-08-28 09:36:03,2025-08-30 23:44:19
1226,5391,2025-11-09 02:42:21,14,2,referral,2025-11-09 02:42:21,2025-11-10 04:50:39
1227,5023,2025-12-12 15:08:47,12,1,mobile_app,2025-12-12 15:08:47,2025-12-13 19:58:05
1228,5886,2025-12-23 08:06:52,10,3,phone,2025-12-23 08:06:52,2025-12-25 16:47:21
1229,5853,2025-07-21 03:31:22,11,3,referral,2025-07-21 03:31:22,2025-07-23 12:00:37
1230,5225,2025-12-04 05:42:31,14,2,online,2025-12-04 05:42:31,2025-12-04 19:33:12
1231,5644,2025-05-08 17:38:00,10,2,phone,2025-05-08 17:38:00,2025-05-11 11:25:01
1232,5035,2025-11-12 02:01:09,11,1,referral,2025-11-12 02:01:09,2025-11-13 04:35:15
1233,5335,2025-09-09 08:46:10,11,1,mobile_app,2025-09-09 08:46:10,2025-09-09 21:33:32
1234,5898,2025-08-21 02:02:21,14,2,online,2025-08-21 02:02:21,2025-08-22 16:41:40
1235,5264,2025-10-05 03:08:50,12,3,referral,2025-10-05 03:08:50,2025-10-08 01:35:23
1236,5824,2025-05-15 17:27:34,10,1,online,2025-05-15 17:27:34,2025-05-17 03:33:44
1237,5881,2025-12-19 15:47:38,13,3,referral,2025-12-19 15:47:38,2025-12-21 20:31:47
1238,5093,2025-09-01 05:42:05,12,3,walkin,2025-09-01 05:42:05,2025-09-01 06:42:53
1239,5466,2025-08-22 03:28:02,12,3,phone,2025-08-22 03:28:02,2025-08-24 04:27:39
1240,5843,2025-12-04 23:42:37,12,1,online,2025-12-04 23:42:37,2025-12-07 20:10:48
1241,5483,2025-04-10 17:14:47,14,2,mobile_app,2025-04-10 17:14:47,2025-04-12 14:21:37
1242,5227,2025-12-08 12:33:27,13,3,referral,2025-12-08 12:33:27,2025-12-08 17:09:38
1243,5665,2025-09-06 13:35:35,11,1,walkin,2025-09-06 13:35:35,2025-09-06 22:05:20
1244,5312,2025-10-09 07:35:39,10,1,mobile_app,2025-10-09 07:35:39,2025-10-09 16:02:59
1245,5139,2025-08-29 22:26:30,12,3,mobile_app,2025-08-29 22:26:30,2025-08-31 07:28:29
1246,5430,2025-11-15 02:24:31,11,2,walkin,2025-11-15 02:24:31,2025-11-17 08:27:32
1247,5854,2025-10-08 01:02:41,13,2,walkin,2025-10-08 01:02:41,2025-10-09 21:52:30
1248,5707,2025-08-22 21:35:22,13,2,online,2025-08-22 21:35:22,2025-08-23 13:24:37
1249,5876,2025-08-19 20:28:44,12,3,referral,2025-08-19 20:28:44,2025-08-20 03:42:49
1250,5063,2025-09-02 14:55:49,11,1,phone,2025-09-02 14:55:49,2025-09-03 11:01:09
1251,5094,2025-12-14 09:27:08,14,1,walkin,2025-12-14 09:27:08,2025-12-15 00:53:50
1252,5806,2025-08-08 12:31:50,11,3,online,2025-08-08 12:31:50,2025-08-09 06:16:00
1253,5071,2025-11-02 05:35:27,14,1,online,2025-11-02 05:35:27,2025-11-02 20:40:32
1254,5337,2025-05-28 07:18:16,14,1,referral,2025-05-28 07:18:16,2025-05-30 16:43:54
1255,5880,2025-05-27 04:35:22,11,3,referral,2025-05-27 04:35:22,2025-05-30 04:29:56
1256,5818,2025-06-07 18:25:51,10,1,walkin,2025-06-07 18:25:51,2025-06-08 02:26:07
1257,5367,2025-07-02 09:40:59,12,1,online,2025-07-02 09:40:59,2025-07-04 04:33:43
1258,5272,2025-04-21 08:23:39,13,3,walkin,2025-04-21 08:23:39,2025-04-21 17:37:27
1259,5764,2025-04-25 16:24:13,13,2,mobile_app,2025-04-25 16:24:13,2025-04-27 03:04:58
1260,5608,2025-05-13 08:27:25,14,1,mobile_app,2025-05-13 08:27:25,2025-05-14 17:22:15
1261,5045,2025-12-12 21:25:18,12,2,walkin,2025-12-12 21:25:18,2025-12-14 11:23:33
1262,5063,2025-10-04 00:26:05,13,2,walkin,2025-10-04 00:26:05,2025-10-06 14:07:59
1263,5503,2026-01-02 16:03:41,13,1,walkin,2026-01-02 16:03:41,2026-01-04 23:59:59
1264,5330,2025-11-23 05:44:34,10,1,referral,2025-11-23 05:44:34,2025-11-23 16:32:38
1265,5640,2025-12-02 20:42:09,14,3,referral,2025-12-02 20:42:09,2025-12-04 15:19:38
1266,5391,2025-11-19 00:05:44,12,2,mobile_app,2025-11-19 00:05:44,2025-11-20 14:43:46
1267,5620,2025-09-15 01:44:54,10,3,mobile_app,2025-09-15 01:44:54,2025-09-15 08:58:13
1268,5739,2025-06-23 12:09:36,13,1,phone,2025-06-23 12:09:36,2025-06-24 19:28:36
1269,5348,2025-09-24 02:54:58,13,3,walkin,2025-09-24 02:54:58,2025-09-25 07:57:02
1270,5321,2025-09-13 17:43:43,12,2,online,2025-09-13 17:43:43,2025-09-14 16:29:09
1271,5704,2025-10-02 04:29:49,10,1,walkin,2025-10-02 04:29:49,2025-10-02 09:23:07
1272,5443,2025-05-08 12:02:44,12,1,mobile_app,2025-05-08 12:02:44,2025-05-10 18:15:53
1273,5062,2025-11-14 18:15:02,14,3,referral,2025-11-14 18:15:02,2025-11-17 15:54:35
1274,5687,2025-05-18 11:16:41,12,3,phone,2025-05-18 11:16:41,2025-05-19 17:11:32
1275,5889,2025-04-20 23:30:43,12,3,referral,2025-04-20 23:30:43,2025-04-23 22:01:42
1276,5361,2025-05-11 05:37:38,14,1,online,2025-05-11 05:37:38,2025-05-12 23:42:35
1277,5673,2025-10-05 06:19:51,10,2,mobile_app,2025-10-05 06:19:51,2025-10-05 22:39:35
1278,5377,2025-05-15 14:48:31,12,3,online,2025-05-15 14:48:31,2025-05-17 22:20:23
1279,5827,2025-09-14 15:37:03,14,3,mobile_app,2025-09-14 15:37:03,2025-09-17 05:09:35
1280,5692,2025-12-06 14:23:25,10,3,referral,2025-12-06 14:23:25,2025-12-08 06:55:50
1281,5030,2025-06-10 01:35:58,12,2,referral,2025-06-10 01:35:58,2025-06-10 21:29:54
1282,5007,2025-06-10 10:49:20,11,3,phone,2025-06-10 10:49:20,2025-06-13 02:09:49
1283,5072,2025-05-26 02:22:03,10,1,mobile_app,2025-05-26 02:22:03,2025-05-28 08:19:23
1284,5221,2025-08-25 02:23:09,13,2,online,2025-08-25 02:23:09,2025-08-26 08:57:25
1285,5379,2025-07-31 00:40:14,12,3,mobile_app,2025-07-31 00:40:14,2025-08-02 05:12:56
1286,5087,2025-04-21 10:20:59,11,3,walkin,2025-04-21 10:20:59,2025-04-21 21:40:43
1287,5691,2025-05-02 16:23:41,13,3,phone,2025-05-02 16:23:41,2025-05-03 12:12:31
1288,5498,2025-11-22 18:21:30,13,2,online,2025-11-22 18:21:30,2025-11-24 02:32:49
1289,5774,2025-10-16 23:24:49,12,2,walkin,2025-10-16 23:24:49,2025-10-17 07:42:05
1290,5291,2025-12-20 09:26:56,14,2,mobile_app,2025-12-20 09:26:56,2025-12-22 10:51:17
1291,5684,2025-07-29 18:40:37,11,2,mobile_app,2025-07-29 18:40:37,2025-07-29 21:59:02
1292,5057,2025-04-03 23:38:55,12,1,online,2025-04-03 23:38:55,2025-04-04 14:32:03
1293,5783,2025-07-09 05:36:51,12,1,walkin,2025-07-09 05:36:51,2025-07-10 02:41:27
1294,5510,2025-09-15 05:59:44,11,2,mobile_app,2025-09-15 05:59:44,2025-09-15 18:47:21
1295,5721,2025-06-29 08:47:14,14,3,referral,2025-06-29 08:47:14,2025-06-30 21:12:54
1296,5074,2025-09-02 04:58:17,10,2,walkin,2025-09-02 04:58:17,2025-09-04 19:43:23
1297,5471,2025-05-01 05:43:55,12,3,phone,2025-05-01 05:43:55,2025-05-03 20:30:31
1298,5588,2025-09-05 01:29:40,13,2,walkin,2025-09-05 01:29:40,2025-09-07 05:09:30
1299,5415,2025-04-09 02:23:49,12,1,mobile_app,2025-04-09 02:23:49,2025-04-12 00:45:12
1300,5472,2025-12-24 19:37:53,12,1,phone,2025-12-24 19:37:53,2025-12-27 14:36:25
1301,5865,2025-05-12 02:42:57,13,3,phone,2025-05-12 02:42:57,2025-05-12 20:26:00
1302,5537,2025-05-01 13:02:38,12,3,referral,2025-05-01 13:02:38,2025-05-02 17:51:45
1303,5227,2025-08-08 08:25:28,11,1,mobile_app,2025-08-08 08:25:28,2025-08-10 17:09:29
1304,5649,2025-05-15 06:48:19,14,1,referral,2025-05-15 06:48:19,2025-05-16 21:26:33
1305,5360,2025-12-07 15:57:52,11,1,walkin,2025-12-07 15:57:52,2025-12-10 03:18:49
1306,5150,2025-07-09 09:47:48,11,3,online,2025-07-09 09:47:48,2025-07-10 00:09:41
1307,5779,2025-12-11 13:47:12,11,3,phone,2025-12-11 13:47:12,2025-12-11 19:16:25
1308,5476,2025-11-05 22:23:43,14,2,mobile_app,2025-11-05 22:23:43,2025-11-08 05:43:40
1309,5659,2025-12-03 17:24:34,14,2,referral,2025-12-03 17:24:34,2025-12-06 17:14:47
1310,5155,2025-09-18 18:53:11,13,2,referral,2025-09-18 18:53:11,2025-09-18 23:51:31
1311,5816,2025-07-16 16:08:38,10,2,mobile_app,2025-07-16 16:08:38,2025-07-18 11:12:35
1312,5076,2025-07-30 13:12:39,13,1,walkin,2025-07-30 13:12:39,2025-07-31 22:50:02
1313,5378,2025-07-21 11:45:06,10,3,mobile_app,2025-07-21 11:45:06,2025-07-21 17:20:20
1314,5520,2025-08-28 07:38:11,14,3,walkin,2025-08-28 07:38:11,2025-08-29 17:19:48
1315,5461,2025-11-09 00:13:35,11,2,mobile_app,2025-11-09 00:13:35,2025-11-10 23:41:30
1316,5488,2025-10-12 17:04:55,10,2,walkin,2025-10-12 17:04:55,2025-10-13 04:04:02
1317,5831,2025-08-12 09:04:19,10,3,online,2025-08-12 09:04:19,2025-08-15 08:36:25
1318,5041,2025-07-06 05:08:19,13,2,mobile_app,2025-07-06 05:08:19,2025-07-08 08:39:57
1319,5536,2025-11-23 19:47:54,12,2,referral,2025-11-23 19:47:54,2025-11-24 07:21:28
1320,5397,2025-09-06 18:00:24,12,3,mobile_app,2025-09-06 18:00:24,2025-09-09 02:24:05
1321,5054,2025-12-02 00:17:20,12,1,referral,2025-12-02 00:17:20,2025-12-03 23:25:27
1322,5097,2025-11-03 16:35:38,13,2,referral,2025-11-03 16:35:38,2025-11-05 17:59:31
1323,5742,2025-12-11 23:37:14,14,1,referral,2025-12-11 23:37:14,2025-12-14 21:50:48
1324,5084,2025-11-13 07:31:33,11,2,referral,2025-11-13 07:31:33,2025-11-15 07:50:54
1325,5991,2025-12-11 18:52:23,13,1,mobile_app,2025-12-11 18:52:23,2025-12-13 21:44:05
1326,5726,2025-05-03 21:38:18,14,2,referral,2025-05-03 21:38:18,2025-05-04 20:10:53
1327,5833,2025-05-20 15:07:27,14,1,phone,2025-05-20 15:07:27,2025-05-22 15:55:13
1328,5521,2025-08-19 12:28:56,12,2,online,2025-08-19 12:28:56,2025-08-19 13:48:35
1329,5974,2025-06-23 04:25:13,13,1,online,2025-06-23 04:25:13,2025-06-24 05:18:16
1330,5141,2025-05-31 04:11:37,12,1,mobile_app,2025-05-31 04:11:37,2025-05-31 09:48:45
1331,5790,2025-10-27 15:01:41,14,1,referral,2025-10-27 15:01:41,2025-10-30 03:50:22
1332,5898,2025-11-27 00:28:14,14,2,online,2025-11-27 00:28:14,2025-11-27 10:00:47
1333,5167,2025-06-10 05:36:23,14,1,phone,2025-06-10 05:36:23,2025-06-12 18:08:35
1334,5045,2025-09-07 13:28:47,11,2,mobile_app,2025-09-07 13:28:47,2025-09-08 16:00:25
1335,5292,2025-09-22 08:18:42,14,1,referral,2025-09-22 08:18:42,2025-09-23 01:21:04
1336,5989,2025-09-30 03:32:32,11,2,mobile_app,2025-09-30 03:32:32,2025-10-02 21:22:03
1337,5452,2025-09-27 07:10:09,12,2,mobile_app,2025-09-27 07:10:09,2025-09-29 15:11:52
1338,5541,2025-09-10 14:12:06,11,1,mobile_app,2025-09-10 14:12:06,2025-09-13 12:33:47
1339,5142,2025-07-07 02:11:55,13,2,mobile_app,2025-07-07 02:11:55,2025-07-07 05:59:53
1340,5957,2025-05-10 20:12:20,14,1,referral,2025-05-10 20:12:20,2025-05-13 00:00:29
1341,5086,2025-06-02 06:13:09,13,3,online,2025-06-02 06:13:09,2025-06-03 02:04:59
1342,5851,2025-09-17 21:32:23,11,2,referral,2025-09-17 21:32:23,2025-09-18 04:13:05
1343,5953,2025-04-11 08:35:03,10,2,mobile_app,2025-04-11 08:35:03,2025-04-12 14:47:45
1344,5383,2025-07-01 13:36:39,10,2,online,2025-07-01 13:36:39,2025-07-02 17:43:50
1345,5029,2025-08-02 18:21:29,10,3,referral,2025-08-02 18:21:29,2025-08-05 14:08:19
1346,5811,2025-05-27 17:16:41,10,2,phone,2025-05-27 17:16:41,2025-05-28 03:17:51
1347,5713,2025-05-24 21:38:29,13,2,mobile_app,2025-05-24 21:38:29,2025-05-27 04:53:54
1348,5006,2025-05-01 18:26:15,12,1,online,2025-05-01 18:26:15,2025-05-01 19:49:16
1349,5562,2025-11-23 11:10:25,13,1,referral,2025-11-23 11:10:25,2025-11-25 01:36:17
1350,5244,2025-07-26 22:55:57,10,1,phone,2025-07-26 22:55:57,2025-07-27 07:48:18
1351,5655,2025-11-28 21:00:54,10,1,phone,2025-11-28 21:00:54,2025-11-30 06:18:03
1352,5612,2025-10-26 04:23:00,14,3,online,2025-10-26 04:23:00,2025-10-26 05:34:48
1353,5736,2025-05-26 18:13:59,13,1,mobile_app,2025-05-26 18:13:59,2025-05-27 15:26:34
1354,5362,2025-07-03 10:13:16,13,1,walkin,2025-07-03 10:13:16,2025-07-05 03:46:32
1355,5537,2025-08-19 01:04:14,14,3,mobile_app,2025-08-19 01:04:14,2025-08-19 05:59:55
1356,5806,2025-10-15 03:23:07,10,2,phone,2025-10-15 03:23:07,2025-10-16 19:44:14
1357,5045,2025-12-03 20:52:52,12,2,walkin,2025-12-03 20:52:52,2025-12-05 01:03:10
1358,5366,2025-04-27 05:42:02,11,3,walkin,2025-04-27 05:42:02,2025-04-28 06:48:29
1359,5791,2025-11-12 23:43:55,12,1,walkin,2025-11-12 23:43:55,2025-11-15 05:15:59
1360,5361,2025-10-30 01:13:01,11,3,phone,2025-10-30 01:13:01,2025-10-31 01:52:09
1361,5713,2025-10-03 20:14:01,11,1,walkin,2025-10-03 20:14:01,2025-10-05 18:14:06
1362,5734,2025-09-25 17:52:58,12,1,walkin,2025-09-25 17:52:58,2025-09-25 20:34:33
1363,5811,2025-06-17 11:11:36,10,2,referral,2025-06-17 11:11:36,2025-06-20 03:41:40
1364,5528,2025-09-02 15:43:01,14,2,referral,2025-09-02 15:43:01,2025-09-05 03:05:34
1365,5038,2025-12-08 05:32:58,12,2,walkin,2025-12-08 05:32:58,2025-12-08 19:27:54
1366,5887,2025-12-11 15:51:33,12,1,referral,2025-12-11 15:51:33,2025-12-12 16:01:45
1367,5448,2025-09-03 08:28:23,13,2,referral,2025-09-03 08:28:23,2025-09-05 14:35:56
1368,5998,2025-06-12 13:15:45,13,2,mobile_app,2025-06-12 13:15:45,2025-06-14 01:23:41
1369,5274,2025-05-03 01:59:42,13,1,phone,2025-05-03 01:59:42,2025-05-05 06:56:22
1370,5617,2025-06-10 01:58:34,12,2,walkin,2025-06-10 01:58:34,2025-06-11 17:41:46
1371,5082,2025-08-06 08:26:06,12,2,phone,2025-08-06 08:26:06,2025-08-08 08:33:42
1372,5618,2026-01-04 17:06:11,11,3,phone,2026-01-04 17:06:11,2026-01-04 23:59:59
1373,5360,2025-09-21 15:33:01,12,3,phone,2025-09-21 15:33:01,2025-09-21 18:38:04
1374,5282,2025-12-05 08:17:09,10,1,phone,2025-12-05 08:17:09,2025-12-08 07:38:57
1375,5373,2025-10-17 06:18:29,11,1,online,2025-10-17 06:18:29,2025-10-19 16:38:31
1376,5870,2025-11-22 22:59:23,13,1,online,2025-11-22 22:59:23,2025-11-25 00:21:59
1377,5069,2025-07-01 15:38:10,12,2,phone,2025-07-01 15:38:10,2025-07-04 00:19:33
1378,5973,2025-11-07 07:06:11,14,1,phone,2025-11-07 07:06:11,2025-11-07 09:27:40
1379,5972,2025-08-23 01:38:23,13,1,mobile_app,2025-08-23 01:38:23,2025-08-24 04:43:44
1380,5141,2025-10-23 14:55:25,13,2,referral,2025-10-23 14:55:25,2025-10-24 17:38:38
1381,5256,2025-05-15 01:25:03,11,2,mobile_app,2025-05-15 01:25:03,2025-05-15 03:18:16
1382,5397,2025-11-05 03:10:08,12,2,phone,2025-11-05 03:10:08,2025-11-05 11:44:38
1383,5220,2025-11-24 15:06:31,13,1,walkin,2025-11-24 15:06:31,2025-11-25 11:54:13
1384,5139,2025-04-29 18:12:54,11,3,phone,2025-04-29 18:12:54,2025-05-01 03:07:54
1385,5090,2025-12-21 20:02:28,12,3,referral,2025-12-21 20:02:28,2025-12-24 18:29:48
1386,5727,2025-04-26 05:16:33,14,2,referral,2025-04-26 05:16:33,2025-04-27 21:19:31
1387,5872,2025-06-01 04:03:19,11,2,mobile_app,2025-06-01 04:03:19,2025-06-03 07:53:15
1388,5230,2025-05-18 03:10:48,11,1,online,2025-05-18 03:10:48,2025-05-21 02:54:54
1389,5810,2025-10-09 20:37:05,12,3,mobile_app,2025-10-09 20:37:05,2025-10-09 22:31:55
1390,5378,2025-09-29 12:32:17,14,1,mobile_app,2025-09-29 12:32:17,2025-10-01 23:03:32
1391,5906,2025-05-04 11:35:11,12,2,phone,2025-05-04 11:35:11,2025-05-04 16:22:26
1392,5539,2025-09-07 12:53:16,13,3,walkin,2025-09-07 12:53:16,2025-09-09 20:53:47
1393,5129,2025-08-02 02:54:43,10,2,phone,2025-08-02 02:54:43,2025-08-04 01:41:08
1394,5697,2025-10-18 22:08:41,11,3,mobile_app,2025-10-18 22:08:41,2025-10-19 23:13:53
1395,5187,2025-05-21 02:40:27,14,1,walkin,2025-05-21 02:40:27,2025-05-22 10:10:35
1396,5531,2025-05-30 10:12:27,11,1,referral,2025-05-30 10:12:27,2025-05-31 08:21:11
1397,5958,2026-01-01 11:27:16,12,3,referral,2026-01-01 11:27:16,2026-01-02 03:52:21
1398,5867,2025-05-01 15:01:39,11,3,mobile_app,2025-05-01 15:01:39,2025-05-02 09:16:33
1399,5282,2025-05-19 14:40:18,12,3,mobile_app,2025-05-19 14:40:18,2025-05-21 12:11:03
1400,5096,2025-10-13 04:19:16,11,3,mobile_app,2025-10-13 04:19:16,2025-10-15 02:59:47
1401,5158,2025-06-06 11:42:19,14,3,mobile_app,2025-06-06 11:42:19,2025-06-08 11:40:21
1402,5346,2025-11-05 21:18:03,10,1,walkin,2025-11-05 21:18:03,2025-11-06 00:18:01
1403,5972,2025-12-06 02:46:55,14,2,online,2025-12-06 02:46:55,2025-12-08 10:55:33
1404,5786,2025-11-09 04:42:18,14,3,walkin,2025-11-09 04:42:18,2025-11-10 11:02:23
1405,5510,2025-11-30 13:35:32,12,3,referral,2025-11-30 13:35:32,2025-12-02 05:19:11
1406,5495,2025-07-05 02:25:39,13,2,phone,2025-07-05 02:25:39,2025-07-07 13:01:23
1407,5075,2025-12-24 10:20:37,11,2,phone,2025-12-24 10:20:37,2025-12-24 14:42:22
1408,5496,2025-09-28 08:54:52,12,3,online,2025-09-28 08:54:52,2025-09-28 23:46:15
1409,5321,2026-01-04 23:37:38,12,2,online,2026-01-04 23:37:38,2026-01-04 23:59:59
1410,5779,2025-08-22 21:41:05,14,1,referral,2025-08-22 21:41:05,2025-08-24 11:11:03
1411,5248,2025-09-29 03:50:22,12,2,online,2025-09-29 03:50:22,2025-09-29 12:45:40
1412,5145,2025-05-08 14:21:00,12,2,mobile_app,2025-05-08 14:21:00,2025-05-08 18:02:05
1413,5429,2025-07-06 10:02:48,11,2,mobile_app,2025-07-06 10:02:48,2025-07-09 08:08:50
1414,5739,2025-07-31 10:42:51,11,2,mobile_app,2025-07-31 10:42:51,2025-08-01 00:32:14
1415,5479,2025-10-11 16:46:38,12,2,walkin,2025-10-11 16:46:38,2025-10-14 08:47:22
1416,5093,2025-08-31 17:16:58,13,1,online,2025-08-31 17:16:58,2025-09-02 06:05:17
1417,5598,2025-08-16 01:13:14,10,2,phone,2025-08-16 01:13:14,2025-08-16 04:45:49
1418,5612,2025-12-11 02:08:43,13,2,mobile_app,2025-12-11 02:08:43,2025-12-13 03:07:00
1419,5009,2025-05-12 17:56:43,11,2,referral,2025-05-12 17:56:43,2025-05-14 01:19:28
1420,5783,2025-09-04 14:36:01,10,2,walkin,2025-09-04 14:36:01,2025-09-05 17:14:49
1421,5584,2025-11-05 04:30:45,12,3,referral,2025-11-05 04:30:45,2025-11-05 18:41:12
1422,5076,2025-08-29 01:01:55,13,3,referral,2025-08-29 01:01:55,2025-08-30 13:45:02
1423,5846,2025-11-29 01:01:57,14,1,online,2025-11-29 01:01:57,2025-12-01 02:34:39
1424,5999,2025-05-08 13:08:12,12,2,mobile_app,2025-05-08 13:08:12,2025-05-09 17:49:11
1425,5962,2025-08-20 23:41:54,11,1,mobile_app,2025-08-20 23:41:54,2025-08-23 06:40:23
1426,5522,2025-09-03 21:11:55,10,1,walkin,2025-09-03 21:11:55,2025-09-05 09:36:47
1427,5141,2026-01-03 03:09:29,13,3,phone,2026-01-03 03:09:29,2026-01-04 03:24:33
1428,5153,2025-11-22 10:45:27,14,1,referral,2025-11-22 10:45:27,2025-11-25 03:47:36
1429,5954,2025-11-25 02:12:32,11,2,mobile_app,2025-11-25 02:12:32,2025-11-26 01:24:12
1430,5758,2025-07-26 05:03:58,12,3,mobile_app,2025-07-26 05:03:58,2025-07-28 00:17:59
1431,5546,2025-10-08 05:42:06,14,2,phone,2025-10-08 05:42:06,2025-10-10 09:18:37
1432,5836,2025-04-07 11:04:03,12,3,walkin,2025-04-07 11:04:03,2025-04-08 13:53:25
1433,5427,2025-11-13 16:29:53,10,3,phone,2025-11-13 16:29:53,2025-11-14 14:54:08
1434,5272,2025-12-11 14:33:02,14,3,online,2025-12-11 14:33:02,2025-12-13 23:33:35
1435,5739,2025-04-20 22:39:53,13,1,mobile_app,2025-04-20 22:39:53,2025-04-22 17:09:20
1436,5645,2025-11-27 16:21:22,13,1,online,2025-11-27 16:21:22,2025-11-30 00:45:40
1437,5033,2025-11-09 08:44:30,10,1,walkin,2025-11-09 08:44:30,2025-11-12 05:47:16
1438,5452,2025-07-31 19:49:33,11,2,online,2025-07-31 19:49:33,2025-08-02 02:19:13
1439,5421,2025-10-12 21:17:48,14,2,walkin,2025-10-12 21:17:48,2025-10-15 05:43:42
1440,5723,2025-05-24 15:01:19,11,3,referral,2025-05-24 15:01:19,2025-05-26 04:47:28
1441,5679,2025-10-03 18:44:26,13,2,online,2025-10-03 18:44:26,2025-10-05 09:00:16
1442,5471,2025-10-25 01:06:15,14,2,referral,2025-10-25 01:06:15,2025-10-26 02:01:53
1443,5625,2025-10-06 00:53:08,11,2,mobile_app,2025-10-06 00:53:08,2025-10-06 14:53:08
1444,5306,2025-06-27 07:54:45,12,2,online,2025-06-27 07:54:45,2025-06-30 04:28:09
1445,5707,2025-12-30 18:58:00,12,2,referral,2025-12-30 18:58:00,2026-01-01 06:34:29
1446,5574,2025-07-16 04:48:32,10,3,mobile_app,2025-07-16 04:48:32,2025-07-17 01:45:54
1447,5389,2025-09-01 05:18:32,12,1,referral,2025-09-01 05:18:32,2025-09-03 16:54:04
1448,5044,2025-07-21 16:54:32,10,2,phone,2025-07-21 16:54:32,2025-07-24 14:28:21
1449,5672,2025-07-09 14:13:51,13,1,online,2025-07-09 14:13:51,2025-07-11 20:39:01
1450,5848,2025-10-27 03:54:36,14,3,referral,2025-10-27 03:54:36,2025-10-27 23:39:11
1451,5141,2025-05-13 10:03:55,14,1,online,2025-05-13 10:03:55,2025-05-15 06:53:51
1452,5052,2025-12-17 03:18:18,14,1,online,2025-12-17 03:18:18,2025-12-19 21:13:06
1453,5054,2025-05-09 21:54:45,12,3,phone,2025-05-09 21:54:45,2025-05-11 04:00:29
1454,5103,2025-12-21 13:10:10,11,1,mobile_app,2025-12-21 13:10:10,2025-12-23 21:17:41
1455,5952,2025-06-01 08:07:03,13,2,online,2025-06-01 08:07:03,2025-06-02 13:44:51
1456,5775,2025-07-21 13:19:04,12,3,walkin,2025-07-21 13:19:04,2025-07-22 12:42:16
1457,5930,2025-05-05 17:50:03,14,1,mobile_app,2025-05-05 17:50:03,2025-05-07 17:19:59
1458,5757,2025-04-15 11:38:41,11,2,online,2025-04-15 11:38:41,2025-04-18 06:08:38
1459,5957,2025-04-15 02:42:42,13,2,online,2025-04-15 02:42:42,2025-04-17 15:36:07
1460,5960,2025-07-22 10:01:39,10,1,referral,2025-07-22 10:01:39,2025-07-25 01:52:11
1461,5582,2025-11-21 02:20:40,12,2,phone,2025-11-21 02:20:40,2025-11-21 10:09:28
1462,5657,2025-10-28 23:55:39,13,1,mobile_app,2025-10-28 23:55:39,2025-10-30 14:06:25
1463,5480,2025-07-15 23:01:33,10,2,online,2025-07-15 23:01:33,2025-07-16 13:03:57
1464,5749,2025-09-26 05:23:34,12,3,online,2025-09-26 05:23:34,2025-09-28 04:35:58
1465,5015,2025-08-09 22:06:47,12,3,online,2025-08-09 22:06:47,2025-08-12 07:41:41
1466,5180,2025-11-24 06:30:31,13,2,mobile_app,2025-11-24 06:30:31,2025-11-26 20:51:04
1467,5336,2025-05-04 16:27:16,10,1,online,2025-05-04 16:27:16,2025-05-05 21:38:32
1468,5489,2025-08-04 16:11:10,11,1,referral,2025-08-04 16:11:10,2025-08-07 12:19:51
1469,5393,2025-07-01 11:13:01,12,2,referral,2025-07-01 11:13:01,2025-07-02 19:44:50
1470,5597,2025-11-09 11:36:14,12,3,referral,2025-11-09 11:36:14,2025-11-09 12:26:11
1471,5710,2025-07-01 18:29:58,10,2,referral,2025-07-01 18:29:58,2025-07-01 23:01:23
1472,5164,2025-09-05 10:45:24,14,3,referral,2025-09-05 10:45:24,2025-09-07 12:42:54
1473,5707,2025-05-16 14:23:38,12,2,mobile_app,2025-05-16 14:23:38,2025-05-18 12:54:12
1474,5227,2025-06-25 02:25:35,11,2,online,2025-06-25 02:25:35,2025-06-28 00:08:21
1475,5466,2025-11-22 05:53:46,13,3,mobile_app,2025-11-22 05:53:46,2025-11-23 09:06:09
1476,5935,2025-09-30 20:26:08,14,3,online,2025-09-30 20:26:08,2025-10-03 03:35:02
1477,5781,2025-07-06 02:32:41,14,1,mobile_app,2025-07-06 02:32:41,2025-07-08 04:05:08
1478,5458,2025-10-23 02:55:49,12,1,mobile_app,2025-10-23 02:55:49,2025-10-25 06:10:37
1479,5115,2025-04-24 23:37:36,14,3,online,2025-04-24 23:37:36,2025-04-27 11:58:34
1480,5587,2025-10-26 10:02:06,11,2,mobile_app,2025-10-26 10:02:06,2025-10-26 20:56:48
1481,5453,2025-05-16 03:26:07,11,3,mobile_app,2025-05-16 03:26:07,2025-05-18 04:58:22
1482,5501,2025-05-06 07:38:15,14,2,walkin,2025-05-06 07:38:15,2025-05-09 01:05:33
1483,5465,2025-05-22 05:48:37,13,2,mobile_app,2025-05-22 05:48:37,2025-05-23 19:11:01
1484,5060,2025-11-04 00:22:02,12,3,walkin,2025-11-04 00:22:02,2025-11-05 10:02:11
1485,5406,2025-07-08 19:42:47,10,3,online,2025-07-08 19:42:47,2025-07-11 07:09:55
1486,5593,2025-04-29 08:41:04,13,2,walkin,2025-04-29 08:41:04,2025-04-29 11:58:56
1487,5555,2025-04-24 09:37:23,10,2,walkin,2025-04-24 09:37:23,2025-04-27 05:40:38
1488,5294,2025-09-06 18:54:57,11,3,phone,2025-09-06 18:54:57,2025-09-07 08:01:18
1489,5384,2025-08-27 12:58:06,13,2,walkin,2025-08-27 12:58:06,2025-08-28 21:37:47
1490,5700,2025-12-14 00:21:12,14,1,referral,2025-12-14 00:21:12,2025-12-16 16:02:11
1491,5122,2025-06-09 07:29:41,13,3,online,2025-06-09 07:29:41,2025-06-10 22:37:00
1492,5746,2025-06-26 11:37:23,10,1,referral,2025-06-26 11:37:23,2025-06-29 00:24:46
1493,5475,2025-12-18 13:28:25,14,2,mobile_app,2025-12-18 13:28:25,2025-12-20 17:50:11
1494,5389,2025-06-29 04:37:27,13,2,online,2025-06-29 04:37:27,2025-06-29 22:38:50
1495,5283,2025-06-13 04:45:54,10,1,phone,2025-06-13 04:45:54,2025-06-16 01:01:30
1496,5630,2025-04-07 01:49:45,11,1,walkin,2025-04-07 01:49:45,2025-04-07 19:21:14
1497,5609,2025-04-14 00:57:12,14,3,walkin,2025-04-14 00:57:12,2025-04-15 09:27:43
1498,5251,2025-04-18 04:18:58,13,1,mobile_app,2025-04-18 04:18:58,2025-04-19 09:36:29
1499,5223,2025-04-22 22:05:47,14,2,online,2025-04-22 22:05:47,2025-04-23 08:18:02
1500,5836,2025-11-10 17:44:15,14,3,referral,2025-11-10 17:44:15,2025-11-11 16:57:33
1501,5243,2025-07-27 04:38:54,11,3,mobile_app,2025-07-27 04:38:54,2025-07-29 20:27:19
1502,5227,2025-09-08 14:39:37,12,1,mobile_app,2025-09-08 14:39:37,2025-09-09 12:32:31
1503,5972,2025-11-16 18:44:14,11,3,phone,2025-11-16 18:44:14,2025-11-19 10:47:45
1504,5570,2025-10-10 11:31:14,12,3,phone,2025-10-10 11:31:14,2025-10-10 14:56:04
1505,5805,2025-10-21 16:21:00,13,2,online,2025-10-21 16:21:00,2025-10-22 15:33:34
1506,5308,2025-08-25 04:51:47,14,2,online,2025-08-25 04:51:47,2025-08-25 18:15:09
1507,5870,2025-06-27 12:21:48,11,2,walkin,2025-06-27 12:21:48,2025-06-28 10:15:44
1508,5576,2025-09-08 06:25:58,13,3,mobile_app,2025-09-08 06:25:58,2025-09-11 04:54:17
1509,5138,2025-08-29 20:19:40,12,1,referral,2025-08-29 20:19:40,2025-08-30 14:00:43
1510,5663,2025-05-01 16:59:23,13,2,walkin,2025-05-01 16:59:23,2025-05-04 12:08:39
1511,5549,2025-06-13 23:25:02,12,2,mobile_app,2025-06-13 23:25:02,2025-06-14 03:10:12
1512,5618,2025-04-16 08:36:35,10,1,mobile_app,2025-04-16 08:36:35,2025-04-19 00:13:29
1513,5742,2025-12-17 18:22:20,11,2,online,2025-12-17 18:22:20,2025-12-19 11:03:59
1514,5891,2025-08-08 07:27:08,10,1,online,2025-08-08 07:27:08,2025-08-09 05:31:46
1515,5986,2025-05-16 13:27:58,13,1,mobile_app,2025-05-16 13:27:58,2025-05-18 19:51:07
1516,5721,2025-06-19 10:12:02,11,3,referral,2025-06-19 10:12:02,2025-06-20 15:04:56
1517,5795,2025-07-19 22:18:10,13,3,referral,2025-07-19 22:18:10,2025-07-21 02:01:18
1518,5316,2025-07-11 13:55:51,14,2,phone,2025-07-11 13:55:51,2025-07-12 16:07:09
1519,5101,2025-09-30 07:58:04,12,1,referral,2025-09-30 07:58:04,2025-10-02 15:25:40
1520,5321,2025-09-08 18:06:31,14,1,online,2025-09-08 18:06:31,2025-09-08 21:26:15
1521,5017,2025-07-11 06:35:27,14,3,phone,2025-07-11 06:35:27,2025-07-12 22:52:54
1522,5303,2025-05-30 04:34:38,12,1,phone,2025-05-30 04:34:38,2025-05-30 18:51:48
1523,5584,2025-07-05 10:22:11,14,3,referral,2025-07-05 10:22:11,2025-07-06 22:43:39
1524,5264,2025-10-07 18:16:43,13,2,online,2025-10-07 18:16:43,2025-10-10 16:39:27
1525,5751,2025-08-15 18:31:11,11,3,mobile_app,2025-08-15 18:31:11,2025-08-16 06:50:42
1526,5501,2025-06-11 11:26:58,14,3,walkin,2025-06-11 11:26:58,2025-06-14 06:12:57
1527,5537,2025-04-14 03:15:36,10,3,walkin,2025-04-14 03:15:36,2025-04-16 16:21:32
1528,5783,2025-04-03 11:30:05,11,3,online,2025-04-03 11:30:05,2025-04-04 17:31:51
1529,5070,2025-12-31 15:17:53,10,1,mobile_app,2025-12-31 15:17:53,2026-01-01 02:17:44
1530,5467,2025-08-23 22:28:57,14,3,mobile_app,2025-08-23 22:28:57,2025-08-24 02:53:03
1531,5935,2025-10-05 15:47:20,13,1,walkin,2025-10-05 15:47:20,2025-10-07 15:47:47
1532,5545,2025-11-01 05:41:26,10,1,mobile_app,2025-11-01 05:41:26,2025-11-02 11:38:35
1533,5740,2025-07-16 16:46:09,12,1,mobile_app,2025-07-16 16:46:09,2025-07-18 07:46:49
1534,5833,2025-12-28 00:31:04,13,1,walkin,2025-12-28 00:31:04,2025-12-30 01:35:57
1535,5941,2025-05-08 09:42:37,11,1,online,2025-05-08 09:42:37,2025-05-09 23:53:41
1536,5635,2025-10-22 10:55:31,12,2,phone,2025-10-22 10:55:31,2025-10-23 05:18:20
1537,5081,2025-08-23 21:05:33,13,2,mobile_app,2025-08-23 21:05:33,2025-08-26 18:56:47
1538,5250,2025-12-27 18:42:48,12,3,walkin,2025-12-27 18:42:48,2025-12-28 11:09:35
1539,5670,2025-12-09 09:27:19,10,1,phone,2025-12-09 09:27:19,2025-12-11 16:45:59
1540,5389,2025-08-25 11:28:30,13,1,walkin,2025-08-25 11:28:30,2025-08-27 03:43:17
1541,5720,2025-06-06 13:24:38,13,2,referral,2025-06-06 13:24:38,2025-06-06 19:25:53
1542,5580,2025-05-08 00:50:12,14,1,online,2025-05-08 00:50:12,2025-05-10 17:59:36
1543,5217,2025-12-25 20:35:20,14,2,referral,2025-12-25 20:35:20,2025-12-28 13:13:07
1544,5048,2025-04-29 20:58:26,12,3,mobile_app,2025-04-29 20:58:26,2025-05-01 22:48:44
1545,5674,2025-04-13 18:40:00,12,1,online,2025-04-13 18:40:00,2025-04-14 07:43:36
1546,5602,2025-05-26 23:57:45,13,1,referral,2025-05-26 23:57:45,2025-05-29 06:44:23
1547,5167,2025-11-06 00:28:17,14,2,mobile_app,2025-11-06 00:28:17,2025-11-06 17:58:55
1548,5340,2025-08-28 01:42:21,11,3,walkin,2025-08-28 01:42:21,2025-08-30 08:43:39
1549,5513,2025-08-13 07:38:39,10,2,online,2025-08-13 07:38:39,2025-08-13 11:33:15
1550,5859,2025-04-30 12:32:29,14,3,mobile_app,2025-04-30 12:32:29,2025-05-01 13:20:33
1551,5407,2025-08-05 18:03:03,12,2,phone,2025-08-05 18:03:03,2025-08-05 20:12:29
1552,5234,2025-08-17 04:24:02,13,2,online,2025-08-17 04:24:02,2025-08-18 20:40:17
1553,5697,2025-11-14 12:45:06,13,1,mobile_app,2025-11-14 12:45:06,2025-11-16 12:51:37
1554,5303,2025-07-05 17:04:42,10,1,referral,2025-07-05 17:04:42,2025-07-07 21:00:19
1555,5158,2025-08-26 13:51:23,11,3,phone,2025-08-26 13:51:23,2025-08-28 17:40:44
1556,5325,2025-08-19 01:58:11,10,1,referral,2025-08-19 01:58:11,2025-08-19 09:43:42
1557,5456,2025-08-18 18:40:27,12,1,online,2025-08-18 18:40:27,2025-08-21 02:06:49
1558,5090,2025-06-12 18:37:04,13,3,mobile_app,2025-06-12 18:37:04,2025-06-14 02:00:02
1559,5525,2025-09-06 11:14:50,10,1,referral,2025-09-06 11:14:50,2025-09-06 18:46:07
1560,5568,2025-05-07 03:25:18,14,2,phone,2025-05-07 03:25:18,2025-05-08 22:53:18
1561,5013,2025-07-23 08:12:52,13,1,mobile_app,2025-07-23 08:12:52,2025-07-24 14:20:49
1562,5927,2025-07-04 06:31:27,14,1,phone,2025-07-04 06:31:27,2025-07-06 00:10:22
1563,5174,2025-05-24 22:04:59,12,2,phone,2025-05-24 22:04:59,2025-05-25 17:39:54
1564,5150,2025-04-25 13:41:33,13,2,phone,2025-04-25 13:41:33,2025-04-26 01:52:05
1565,5307,2025-10-06 01:21:46,10,2,referral,2025-10-06 01:21:46,2025-10-08 10:21:17
1566,5967,2025-07-05 18:23:09,13,3,mobile_app,2025-07-05 18:23:09,2025-07-07 22:52:48
1567,5201,2025-09-25 19:34:47,11,2,walkin,2025-09-25 19:34:47,2025-09-26 03:22:09
1568,5972,2025-09-01 16:06:59,14,2,referral,2025-09-01 16:06:59,2025-09-02 16:18:27
1569,5451,2025-08-08 23:58:03,14,1,referral,2025-08-08 23:58:03,2025-08-10 07:19:26
1570,5329,2025-11-21 06:20:11,11,2,referral,2025-11-21 06:20:11,2025-11-24 03:18:54
1571,5182,2025-09-02 15:51:42,12,2,phone,2025-09-02 15:51:42,2025-09-05 14:24:07
1572,5991,2025-11-10 15:35:02,11,2,phone,2025-11-10 15:35:02,2025-11-13 00:31:31
1573,5288,2025-08-31 14:25:15,10,3,online,2025-08-31 14:25:15,2025-09-01 17:00:01
1574,5607,2025-10-29 21:37:54,14,1,phone,2025-10-29 21:37:54,2025-10-30 10:44:00
1575,5966,2026-01-01 02:27:34,13,2,walkin,2026-01-01 02:27:34,2026-01-01 17:43:32
1576,5839,2025-09-06 21:28:33,13,1,referral,2025-09-06 21:28:33,2025-09-08 22:28:50
1577,5248,2025-07-08 03:09:50,11,3,phone,2025-07-08 03:09:50,2025-07-10 03:07:34
1578,5809,2025-08-25 09:48:32,13,3,phone,2025-08-25 09:48:32,2025-08-25 15:11:41
1579,5597,2025-09-03 15:46:27,14,3,phone,2025-09-03 15:46:27,2025-09-05 06:41:08
1580,5557,2025-04-15 06:40:34,12,3,mobile_app,2025-04-15 06:40:34,2025-04-17 16:15:16
1581,5609,2025-12-04 20:16:19,10,1,online,2025-12-04 20:16:19,2025-12-07 14:51:23
1582,5674,2025-12-15 03:23:45,11,3,mobile_app,2025-12-15 03:23:45,2025-12-16 05:14:48
1583,5046,2025-11-05 17:35:36,13,2,phone,2025-11-05 17:35:36,2025-11-08 17:13:02
1584,5109,2025-04-05 02:18:44,12,1,mobile_app,2025-04-05 02:18:44,2025-04-05 09:29:33
1585,5765,2025-10-19 11:32:44,14,3,mobile_app,2025-10-19 11:32:44,2025-10-21 04:10:38
1586,5227,2025-09-21 02:57:26,13,2,mobile_app,2025-09-21 02:57:26,2025-09-22 06:11:59
1587,5708,2025-10-12 08:40:45,12,1,phone,2025-10-12 08:40:45,2025-10-12 19:39:21
1588,5108,2025-07-24 17:37:40,10,1,online,2025-07-24 17:37:40,2025-07-25 23:55:05
1589,5357,2025-07-31 03:01:43,13,1,mobile_app,2025-07-31 03:01:43,2025-08-01 04:00:35
1590,5495,2025-08-14 06:23:38,10,2,phone,2025-08-14 06:23:38,2025-08-15 17:04:01
1591,5327,2025-04-27 02:06:36,10,3,walkin,2025-04-27 02:06:36,2025-04-27 23:58:28
1592,5024,2025-08-12 05:43:05,10,3,online,2025-08-12 05:43:05,2025-08-14 04:54:06
1593,5953,2025-07-04 17:26:00,11,3,online,2025-07-04 17:26:00,2025-07-06 07:00:24
1594,5339,2025-11-04 10:10:13,13,1,phone,2025-11-04 10:10:13,2025-11-05 17:13:03
1595,5645,2025-06-11 15:12:54,13,2,walkin,2025-06-11 15:12:54,2025-06-12 04:47:14
1596,5756,2025-11-25 11:53:29,11,2,mobile_app,2025-11-25 11:53:29,2025-11-28 04:11:47
1597,5440,2025-08-30 00:12:43,11,1,referral,2025-08-30 00:12:43,2025-08-30 00:32:09
1598,5771,2025-12-30 07:30:58,10,3,walkin,2025-12-30 07:30:58,2026-01-01 18:24:21
1599,5819,2025-10-26 12:10:05,12,2,online,2025-10-26 12:10:05,2025-10-27 01:46:55
1600,5469,2025-05-15 06:08:14,13,3,referral,2025-05-15 06:08:14,2025-05-16 01:14:28
1601,5612,2025-08-29 22:22:49,13,3,walkin,2025-08-29 22:22:49,2025-08-31 18:53:39
1602,5357,2025-08-15 16:44:14,13,3,online,2025-08-15 16:44:14,2025-08-18 06:18:21
1603,5834,2025-12-18 14:18:11,12,3,mobile_app,2025-12-18 14:18:11,2025-12-20 17:42:41
1604,5087,2025-12-18 00:31:12,12,1,online,2025-12-18 00:31:12,2025-12-18 10:16:25
1605,5313,2025-05-16 10:02:34,12,3,online,2025-05-16 10:02:34,2025-05-16 23:22:18
1606,5524,2025-08-29 20:44:24,14,1,mobile_app,2025-08-29 20:44:24,2025-08-31 03:11:42
1607,5393,2025-09-12 07:00:26,13,3,mobile_app,2025-09-12 07:00:26,2025-09-12 20:32:00
1608,5711,2025-12-07 14:15:35,11,3,online,2025-12-07 14:15:35,2025-12-10 10:01:51
1609,5502,2025-07-22 04:08:06,11,2,phone,2025-07-22 04:08:06,2025-07-22 14:21:03
1610,5635,2025-04-21 19:41:35,12,1,phone,2025-04-21 19:41:35,2025-04-24 10:43:06
1611,5140,2025-06-15 18:43:45,13,3,mobile_app,2025-06-15 18:43:45,2025-06-18 06:05:28
1612,5669,2025-10-10 05:27:12,13,2,phone,2025-10-10 05:27:12,2025-10-11 11:14:44
1613,5501,2025-06-04 22:54:55,14,1,online,2025-06-04 22:54:55,2025-06-05 04:56:06
1614,5300,2025-04-13 16:44:25,11,3,referral,2025-04-13 16:44:25,2025-04-14 12:45:16
1615,5173,2025-09-25 14:32:39,13,3,mobile_app,2025-09-25 14:32:39,2025-09-27 07:44:00
1616,5116,2025-11-09 10:04:54,12,3,referral,2025-11-09 10:04:54,2025-11-09 18:23:52
1617,5556,2025-04-17 03:50:17,13,3,online,2025-04-17 03:50:17,2025-04-19 11:10:47
1618,5436,2025-05-10 18:35:25,11,2,walkin,2025-05-10 18:35:25,2025-05-13 00:11:00
1619,5461,2025-07-12 01:36:55,10,2,walkin,2025-07-12 01:36:55,2025-07-13 02:59:52
1620,5795,2025-07-02 00:29:50,14,3,referral,2025-07-02 00:29:50,2025-07-02 15:46:48
1621,5882,2026-01-02 00:42:25,13,1,mobile_app,2026-01-02 00:42:25,2026-01-03 21:08:41
1622,5143,2025-06-20 05:50:05,11,1,mobile_app,2025-06-20 05:50:05,2025-06-22 17:04:26
1623,5360,2025-10-24 17:12:59,14,3,online,2025-10-24 17:12:59,2025-10-25 13:41:03
1624,5332,2025-12-30 10:15:24,12,3,referral,2025-12-30 10:15:24,2025-12-31 07:33:56
1625,5976,2025-10-17 18:41:42,10,1,phone,2025-10-17 18:41:42,2025-10-20 18:27:21
1626,5941,2025-04-24 00:35:04,11,3,online,2025-04-24 00:35:04,2025-04-24 20:46:42
1627,5256,2025-05-27 19:05:15,12,1,phone,2025-05-27 19:05:15,2025-05-29 22:53:22
1628,5502,2025-05-26 05:08:08,12,3,phone,2025-05-26 05:08:08,2025-05-27 23:10:56
1629,5385,2025-09-23 12:52:05,10,2,mobile_app,2025-09-23 12:52:05,2025-09-23 18:22:01
1630,5768,2025-07-18 01:15:04,12,2,phone,2025-07-18 01:15:04,2025-07-20 03:50:16
1631,5336,2025-11-13 00:13:07,10,3,phone,2025-11-13 00:13:07,2025-11-13 00:23:55
1632,5651,2025-12-14 22:16:08,12,1,mobile_app,2025-12-14 22:16:08,2025-12-17 01:02:38
1633,5408,2025-06-24 14:19:19,13,1,phone,2025-06-24 14:19:19,2025-06-27 12:49:08
1634,5275,2025-08-04 09:19:16,12,2,mobile_app,2025-08-04 09:19:16,2025-08-06 21:38:21
1635,5592,2025-05-21 17:13:35,13,2,walkin,2025-05-21 17:13:35,2025-05-23 10:27:05
1636,5048,2025-05-09 16:06:13,13,1,walkin,2025-05-09 16:06:13,2025-05-11 13:42:02
1637,5952,2025-06-01 08:30:47,13,1,phone,2025-06-01 08:30:47,2025-06-02 16:38:47
1638,5208,2025-12-24 10:08:29,11,3,referral,2025-12-24 10:08:29,2025-12-27 04:21:44
1639,5163,2025-07-16 10:02:47,12,2,walkin,2025-07-16 10:02:47,2025-07-16 16:50:35
1640,5381,2025-12-15 01:40:15,11,1,phone,2025-12-15 01:40:15,2025-12-17 19:29:00
1641,5641,2025-07-28 15:33:09,11,2,walkin,2025-07-28 15:33:09,2025-07-30 20:25:02
1642,5721,2025-05-07 23:10:34,11,2,walkin,2025-05-07 23:10:34,2025-05-07 23:15:18
1643,5136,2025-11-17 13:29:38,14,3,phone,2025-11-17 13:29:38,2025-11-18 05:57:52
1644,5010,2025-04-04 03:08:54,12,1,phone,2025-04-04 03:08:54,2025-04-06 05:48:00
1645,5711,2025-05-22 07:57:42,10,1,phone,2025-05-22 07:57:42,2025-05-23 18:44:48
1646,5092,2025-05-10 18:41:25,12,2,referral,2025-05-10 18:41:25,2025-05-11 02:12:18
1647,5141,2025-08-27 15:13:07,11,3,online,2025-08-27 15:13:07,2025-08-29 23:32:25
1648,5071,2025-10-24 00:41:43,10,3,online,2025-10-24 00:41:43,2025-10-25 17:42:46
1649,5451,2025-08-15 09:18:24,11,3,online,2025-08-15 09:18:24,2025-08-17 13:54:45
1650,5942,2025-09-07 21:24:51,13,1,walkin,2025-09-07 21:24:51,2025-09-09 18:16:31
1651,5919,2025-05-10 00:24:09,10,3,phone,2025-05-10 00:24:09,2025-05-10 10:35:52
1652,5360,2025-09-14 18:11:35,11,1,referral,2025-09-14 18:11:35,2025-09-15 17:05:40
1653,5661,2025-05-03 17:15:17,14,3,mobile_app,2025-05-03 17:15:17,2025-05-04 11:19:32
1654,5739,2025-11-22 23:10:41,10,3,referral,2025-11-22 23:10:41,2025-11-23 19:55:31
1655,5211,2025-10-19 01:46:17,14,1,phone,2025-10-19 01:46:17,2025-10-20 21:57:59
1656,5303,2025-12-07 22:44:19,11,2,phone,2025-12-07 22:44:19,2025-12-08 02:42:43
1657,5116,2025-07-03 15:02:41,14,1,mobile_app,2025-07-03 15:02:41,2025-07-05 03:25:23
1658,5911,2025-04-05 16:28:21,12,2,online,2025-04-05 16:28:21,2025-04-08 16:20:06
1659,5397,2025-11-07 17:41:21,12,3,online,2025-11-07 17:41:21,2025-11-09 00:20:07
1660,5782,2025-09-30 22:10:28,10,1,mobile_app,2025-09-30 22:10:28,2025-10-03 19:40:32
1661,5070,2025-04-06 08:33:50,11,1,walkin,2025-04-06 08:33:50,2025-04-07 03:39:20
1662,5972,2025-09-02 13:23:45,12,3,mobile_app,2025-09-02 13:23:45,2025-09-04 02:17:09
1663,5786,2025-09-09 08:06:24,13,1,mobile_app,2025-09-09 08:06:24,2025-09-10 14:57:01
1664,5551,2025-11-26 05:58:29,12,1,referral,2025-11-26 05:58:29,2025-11-26 17:05:33
1665,5081,2025-10-16 13:42:18,11,1,mobile_app,2025-10-16 13:42:18,2025-10-19 08:45:52
1666,5335,2025-08-30 17:52:53,10,2,phone,2025-08-30 17:52:53,2025-09-01 12:35:03
1667,5748,2025-07-02 16:15:42,11,1,phone,2025-07-02 16:15:42,2025-07-02 20:28:41
1668,5119,2025-09-24 01:43:54,14,1,referral,2025-09-24 01:43:54,2025-09-25 22:19:03
1669,5683,2025-12-12 13:29:33,11,1,walkin,2025-12-12 13:29:33,2025-12-14 19:25:32
1670,5725,2025-05-24 06:54:23,10,1,phone,2025-05-24 06:54:23,2025-05-26 09:59:16
1671,5976,2025-08-13 15:31:33,14,3,referral,2025-08-13 15:31:33,2025-08-15 05:36:35
1672,5171,2025-08-23 10:04:27,12,3,walkin,2025-08-23 10:04:27,2025-08-23 19:19:01
1673,5790,2025-04-12 09:37:12,13,2,mobile_app,2025-04-12 09:37:12,2025-04-13 10:00:53
1674,5066,2025-07-12 02:52:06,14,3,walkin,2025-07-12 02:52:06,2025-07-14 06:44:17
1675,5509,2025-09-24 18:45:02,12,1,phone,2025-09-24 18:45:02,2025-09-26 07:56:40
1676,5880,2025-11-07 03:45:42,12,1,referral,2025-11-07 03:45:42,2025-11-07 15:54:48
1677,5792,2025-05-10 23:08:35,14,3,walkin,2025-05-10 23:08:35,2025-05-13 16:15:42
1678,5234,2025-10-15 14:35:30,10,1,online,2025-10-15 14:35:30,2025-10-15 14:46:43
1679,5048,2025-10-01 05:09:52,13,1,online,2025-10-01 05:09:52,2025-10-02 07:40:06
1680,5954,2025-04-14 17:36:44,13,1,referral,2025-04-14 17:36:44,2025-04-16 09:52:14
1681,5255,2025-09-09 15:47:33,12,2,walkin,2025-09-09 15:47:33,2025-09-12 10:28:58
1682,5586,2025-08-23 18:49:26,14,3,walkin,2025-08-23 18:49:26,2025-08-24 03:31:06
1683,5184,2025-06-26 16:14:07,14,1,phone,2025-06-26 16:14:07,2025-06-29 02:48:19
1684,5071,2025-09-28 14:59:30,12,2,referral,2025-09-28 14:59:30,2025-10-01 06:03:15
1685,5089,2025-11-01 19:11:07,10,2,online,2025-11-01 19:11:07,2025-11-03 04:26:40
1686,5299,2025-11-05 23:03:34,12,3,mobile_app,2025-11-05 23:03:34,2025-11-08 08:11:07
1687,5249,2025-09-28 04:06:36,14,2,online,2025-09-28 04:06:36,2025-09-29 06:55:36
1688,5751,2025-10-30 06:18:04,11,1,walkin,2025-10-30 06:18:04,2025-11-01 13:40:39
1689,5955,2025-09-07 05:48:48,11,3,referral,2025-09-07 05:48:48,2025-09-07 07:33:15
1690,5652,2025-12-26 07:31:23,10,2,walkin,2025-12-26 07:31:23,2025-12-28 23:23:55
1691,5778,2025-12-12 06:30:57,12,1,online,2025-12-12 06:30:57,2025-12-13 09:54:55
1692,5543,2025-07-02 11:52:58,13,1,online,2025-07-02 11:52:58,2025-07-03 18:27:10
1693,5729,2025-07-18 16:09:38,10,1,mobile_app,2025-07-18 16:09:38,2025-07-18 22:56:04
1694,5423,2025-12-29 04:21:59,12,2,walkin,2025-12-29 04:21:59,2025-12-31 21:34:49
1695,5595,2025-05-08 02:50:32,11,3,phone,2025-05-08 02:50:32,2025-05-09 15:38:46
1696,5077,2025-11-16 20:52:06,10,2,online,2025-11-16 20:52:06,2025-11-18 14:12:56
1697,5243,2025-07-23 06:37:03,12,2,referral,2025-07-23 06:37:03,2025-07-24 01:37:20
1698,5326,2025-09-23 20:00:32,11,1,online,2025-09-23 20:00:32,2025-09-24 15:48:43
1699,5140,2025-11-14 01:52:26,11,1,online,2025-11-14 01:52:26,2025-11-14 09:48:32
1700,5461,2025-09-28 23:56:54,13,1,mobile_app,2025-09-28 23:56:54,2025-09-29 22:48:55
1701,5367,2025-06-20 15:18:35,12,2,referral,2025-06-20 15:18:35,2025-06-22 00:13:02
1702,5873,2025-05-17 13:40:31,11,3,referral,2025-05-17 13:40:31,2025-05-17 20:15:34
1703,5847,2025-12-30 16:19:29,14,1,online,2025-12-30 16:19:29,2026-01-01 19:04:11
1704,5856,2025-08-06 07:15:30,10,3,online,2025-08-06 07:15:30,2025-08-06 18:03:32
1705,5992,2025-08-17 03:45:46,14,1,referral,2025-08-17 03:45:46,2025-08-18 08:36:59
1706,5267,2025-06-07 12:33:53,13,2,mobile_app,2025-06-07 12:33:53,2025-06-07 14:49:40
1707,5767,2025-10-31 15:29:54,10,2,walkin,2025-10-31 15:29:54,2025-11-01 09:41:31
1708,5824,2025-05-25 06:57:56,10,1,online,2025-05-25 06:57:56,2025-05-25 15:48:34
1709,5134,2025-06-16 22:44:01,13,2,walkin,2025-06-16 22:44:01,2025-06-19 10:42:42
1710,5597,2025-11-14 15:01:21,10,1,walkin,2025-11-14 15:01:21,2025-11-15 09:52:09
1711,5203,2025-12-07 21:02:03,11,1,referral,2025-12-07 21:02:03,2025-12-09 05:19:25
1712,5126,2025-04-17 13:57:30,13,1,online,2025-04-17 13:57:30,2025-04-20 10:34:23
1713,5947,2025-11-09 20:59:18,13,2,walkin,2025-11-09 20:59:18,2025-11-11 04:31:47
1714,5392,2025-12-22 08:00:21,11,2,online,2025-12-22 08:00:21,2025-12-23 15:04:28
1715,5931,2025-06-12 16:22:29,12,2,online,2025-06-12 16:22:29,2025-06-13 12:23:53
1716,5036,2025-11-25 11:53:17,14,1,referral,2025-11-25 11:53:17,2025-11-27 08:58:30
1717,5511,2025-09-08 00:02:44,14,2,walkin,2025-09-08 00:02:44,2025-09-10 16:19:39
1718,5090,2025-07-18 15:42:04,11,2,online,2025-07-18 15:42:04,2025-07-19 19:35:29
1719,5659,2025-10-22 04:56:32,14,1,phone,2025-10-22 04:56:32,2025-10-22 23:05:04
1720,5801,2026-01-03 01:05:47,13,3,phone,2026-01-03 01:05:47,2026-01-04 03:14:46
1721,5353,2025-11-06 16:15:01,12,2,referral,2025-11-06 16:15:01,2025-11-08 04:50:00
1722,5185,2025-04-11 02:55:28,14,1,walkin,2025-04-11 02:55:28,2025-04-12 02:08:39
1723,5918,2025-07-19 02:28:56,13,3,referral,2025-07-19 02:28:56,2025-07-19 06:44:55
1724,5786,2025-11-13 19:10:16,11,1,online,2025-11-13 19:10:16,2025-11-14 12:07:13
1725,5673,2025-07-03 15:42:25,14,3,walkin,2025-07-03 15:42:25,2025-07-04 11:06:53
1726,5783,2025-06-25 05:03:51,13,2,online,2025-06-25 05:03:51,2025-06-26 22:59:05
1727,5181,2025-07-01 20:48:58,12,3,referral,2025-07-01 20:48:58,2025-07-03 15:57:43
1728,5936,2025-11-16 17:45:43,12,3,mobile_app,2025-11-16 17:45:43,2025-11-16 19:48:57
1729,5146,2025-11-05 16:33:18,11,2,mobile_app,2025-11-05 16:33:18,2025-11-08 13:36:47
1730,5317,2025-06-08 04:18:27,10,1,walkin,2025-06-08 04:18:27,2025-06-09 16:01:11
1731,5239,2025-11-20 15:54:13,10,3,phone,2025-11-20 15:54:13,2025-11-21 07:50:12
1732,5001,2025-08-07 19:59:05,14,1,online,2025-08-07 19:59:05,2025-08-10 14:49:25
1733,5349,2026-01-04 10:20:35,12,1,walkin,2026-01-04 10:20:35,2026-01-04 23:15:55
1734,5152,2025-11-14 19:35:37,11,1,mobile_app,2025-11-14 19:35:37,2025-11-16 22:54:28
1735,5882,2025-08-20 17:01:11,10,2,phone,2025-08-20 17:01:11,2025-08-23 14:57:55
1736,5601,2025-05-10 05:41:17,12,2,online,2025-05-10 05:41:17,2025-05-11 06:11:44
1737,6000,2025-06-01 04:02:33,13,3,phone,2025-06-01 04:02:33,2025-06-03 09:22:14
1738,5665,2025-08-02 05:17:44,14,3,mobile_app,2025-08-02 05:17:44,2025-08-02 17:58:50
1739,5806,2025-08-17 13:51:18,14,1,phone,2025-08-17 13:51:18,2025-08-18 06:06:38
1740,5315,2025-12-24 09:16:14,11,1,walkin,2025-12-24 09:16:14,2025-12-25 06:42:59
1741,5972,2025-12-29 15:11:34,14,2,mobile_app,2025-12-29 15:11:34,2026-01-01 12:16:29
1742,5034,2025-06-10 17:07:29,12,3,online,2025-06-10 17:07:29,2025-06-12 12:59:21
1743,5655,2025-11-06 15:18:37,13,1,referral,2025-11-06 15:18:37,2025-11-06 22:53:28
1744,5764,2025-05-01 05:12:37,12,2,online,2025-05-01 05:12:37,2025-05-01 22:32:26
1745,5652,2025-05-05 10:59:10,12,2,walkin,2025-05-05 10:59:10,2025-05-07 22:49:03
1746,5272,2025-06-21 10:23:57,10,2,referral,2025-06-21 10:23:57,2025-06-22 04:34:12
1747,5806,2025-05-12 22:57:19,10,1,phone,2025-05-12 22:57:19,2025-05-15 03:24:51
1748,5449,2025-09-10 23:27:05,11,2,phone,2025-09-10 23:27:05,2025-09-13 22:01:09
1749,5903,2025-08-26 01:51:25,14,2,walkin,2025-08-26 01:51:25,2025-08-27 03:25:58
1750,5849,2025-10-04 05:09:49,14,3,online,2025-10-04 05:09:49,2025-10-06 14:35:49
1751,5167,2025-09-23 06:18:13,10,2,walkin,2025-09-23 06:18:13,2025-09-23 11:40:15
1752,5327,2025-07-11 09:53:11,10,1,referral,2025-07-11 09:53:11,2025-07-14 07:11:03
1753,5175,2025-08-24 19:31:16,10,3,walkin,2025-08-24 19:31:16,2025-08-25 07:14:16
1754,5347,2025-11-17 16:45:57,14,2,walkin,2025-11-17 16:45:57,2025-11-20 16:30:41
1755,5442,2025-12-10 20:19:17,14,2,online,2025-12-10 20:19:17,2025-12-11 08:20:10
1756,5055,2025-05-10 07:47:28,11,1,phone,2025-05-10 07:47:28,2025-05-11 07:54:02
1757,5714,2025-11-02 04:42:07,14,2,referral,2025-11-02 04:42:07,2025-11-04 09:16:44
1758,5305,2025-07-02 06:06:37,10,2,mobile_app,2025-07-02 06:06:37,2025-07-02 13:05:40
1759,5563,2025-10-08 15:58:10,10,2,walkin,2025-10-08 15:58:10,2025-10-09 03:09:12
1760,5438,2025-05-05 00:45:19,14,2,online,2025-05-05 00:45:19,2025-05-05 22:12:13
1761,5100,2025-04-10 23:52:26,11,3,referral,2025-04-10 23:52:26,2025-04-11 14:56:37
1762,6001,2025-05-02 19:41:59,10,2,phone,2025-05-02 19:41:59,2025-05-04 06:11:02
1763,5483,2025-10-07 22:42:45,12,1,mobile_app,2025-10-07 22:42:45,2025-10-10 15:52:31
1764,5397,2025-06-11 19:13:04,13,2,online,2025-06-11 19:13:04,2025-06-12 22:14:04
1765,5457,2025-04-18 07:51:35,13,2,referral,2025-04-18 07:51:35,2025-04-19 03:01:56
1766,5232,2025-07-14 07:10:45,10,1,walkin,2025-07-14 07:10:45,2025-07-16 00:15:58
1767,5088,2025-12-16 11:31:37,14,2,mobile_app,2025-12-16 11:31:37,2025-12-17 12:33:39
1768,5233,2025-11-01 23:56:37,13,3,phone,2025-11-01 23:56:37,2025-11-02 04:23:03
1769,5989,2025-10-25 23:21:21,13,3,online,2025-10-25 23:21:21,2025-10-28 01:23:11
1770,5488,2025-07-26 01:30:12,13,3,walkin,2025-07-26 01:30:12,2025-07-26 07:15:09
1771,5515,2025-11-08 20:09:20,14,3,mobile_app,2025-11-08 20:09:20,2025-11-11 13:43:28
1772,5151,2025-05-17 17:06:29,13,1,online,2025-05-17 17:06:29,2025-05-20 14:13:50
1773,5996,2025-06-22 06:57:33,11,1,walkin,2025-06-22 06:57:33,2025-06-24 17:49:46
1774,5434,2025-05-01 10:26:51,13,1,online,2025-05-01 10:26:51,2025-05-04 10:24:42
1775,5855,2025-11-18 02:14:46,12,3,walkin,2025-11-18 02:14:46,2025-11-18 21:01:29
1776,5090,2025-08-29 17:20:46,13,3,referral,2025-08-29 17:20:46,2025-08-31 09:51:33
1777,5878,2025-07-17 06:22:41,13,1,mobile_app,2025-07-17 06:22:41,2025-07-18 20:13:14
1778,5602,2025-10-20 22:37:51,13,1,phone,2025-10-20 22:37:51,2025-10-23 07:33:05
1779,5154,2025-05-28 13:19:18,14,3,walkin,2025-05-28 13:19:18,2025-05-30 06:34:47
1780,5948,2025-05-12 00:35:16,10,2,mobile_app,2025-05-12 00:35:16,2025-05-13 17:33:40
1781,5902,2025-08-12 13:05:34,13,2,phone,2025-08-12 13:05:34,2025-08-15 05:01:08
1782,5671,2025-10-06 13:58:41,14,2,walkin,2025-10-06 13:58:41,2025-10-08 07:37:53
1783,5177,2025-07-16 23:02:45,11,3,mobile_app,2025-07-16 23:02:45,2025-07-18 04:23:22
1784,5698,2025-12-26 09:23:29,10,2,referral,2025-12-26 09:23:29,2025-12-27 14:38:37
1785,5708,2025-07-02 06:23:58,13,2,referral,2025-07-02 06:23:58,2025-07-02 09:59:19
1786,5021,2025-08-10 05:08:24,12,2,referral,2025-08-10 05:08:24,2025-08-12 16:39:36
1787,5864,2025-10-08 22:13:23,10,1,online,2025-10-08 22:13:23,2025-10-11 12:43:04
1788,5308,2025-09-20 02:05:24,12,2,phone,2025-09-20 02:05:24,2025-09-22 10:27:11
1789,5620,2025-12-07 17:00:25,11,2,online,2025-12-07 17:00:25,2025-12-07 23:30:31
1790,5936,2025-09-06 03:06:10,13,3,referral,2025-09-06 03:06:10,2025-09-08 09:03:24
1791,5841,2025-04-22 19:52:34,11,1,referral,2025-04-22 19:52:34,2025-04-24 09:23:48
1792,5727,2025-10-14 19:40:27,11,3,mobile_app,2025-10-14 19:40:27,2025-10-16 01:02:51
1793,5030,2025-06-07 11:20:58,11,1,online,2025-06-07 11:20:58,2025-06-08 01:23:09
1794,5034,2025-09-25 06:24:35,12,3,online,2025-09-25 06:24:35,2025-09-25 10:05:28
1795,5281,2025-08-22 01:17:19,13,3,phone,2025-08-22 01:17:19,2025-08-24 13:15:16
1796,5651,2025-05-19 02:34:43,10,1,referral,2025-05-19 02:34:43,2025-05-21 04:10:48
1797,5501,2025-11-17 16:53:15,11,2,mobile_app,2025-11-17 16:53:15,2025-11-19 01:22:18
1798,5565,2025-08-14 19:59:54,11,2,walkin,2025-08-14 19:59:54,2025-08-15 21:03:56
1799,5292,2025-04-11 15:51:25,10,1,mobile_app,2025-04-11 15:51:25,2025-04-12 20:00:20
1800,5799,2025-06-23 05:35:38,11,3,online,2025-06-23 05:35:38,2025-06-25 20:00:24
1801,5694,2025-06-20 06:52:20,13,3,walkin,2025-06-20 06:52:20,2025-06-21 02:27:58
1802,5886,2025-12-21 22:33:44,13,1,online,2025-12-21 22:33:44,2025-12-21 23:12:36
1803,5616,2025-04-04 06:53:15,12,3,referral,2025-04-04 06:53:15,2025-04-04 23:10:54
1804,5730,2026-01-01 11:47:26,12,2,phone,2026-01-01 11:47:26,2026-01-03 10:35:36
1805,5873,2025-08-14 10:12:19,12,1,phone,2025-08-14 10:12:19,2025-08-15 19:37:42
1806,5310,2025-12-19 23:55:32,14,2,mobile_app,2025-12-19 23:55:32,2025-12-21 13:50:14
1807,5105,2025-04-03 20:29:03,12,3,mobile_app,2025-04-03 20:29:03,2025-04-05 09:43:53
1808,5624,2025-07-19 18:44:22,10,2,walkin,2025-07-19 18:44:22,2025-07-20 16:28:25
1809,5345,2025-07-17 09:00:38,12,2,referral,2025-07-17 09:00:38,2025-07-19 07:39:26
1810,5672,2026-01-02 03:52:27,12,1,online,2026-01-02 03:52:27,2026-01-04 23:59:59
1811,5530,2025-07-03 07:46:39,10,3,phone,2025-07-03 07:46:39,2025-07-06 01:17:26
1812,5677,2025-08-03 02:45:17,11,3,walkin,2025-08-03 02:45:17,2025-08-05 04:19:33
1813,5672,2025-10-11 03:51:02,12,2,phone,2025-10-11 03:51:02,2025-10-12 01:22:32
1814,5398,2025-04-14 17:11:49,14,1,referral,2025-04-14 17:11:49,2025-04-16 11:39:05
1815,5744,2026-01-03 01:05:01,14,3,phone,2026-01-03 01:05:01,2026-01-03 17:16:32
1816,5929,2025-12-17 22:16:05,14,2,online,2025-12-17 22:16:05,2025-12-19 00:22:22
1817,5861,2025-12-12 09:24:47,14,1,referral,2025-12-12 09:24:47,2025-12-15 01:14:14
1818,5100,2025-09-30 19:59:44,12,3,mobile_app,2025-09-30 19:59:44,2025-10-01 05:18:43
1819,5782,2025-06-11 02:19:14,12,3,walkin,2025-06-11 02:19:14,2025-06-13 23:16:24
1820,5228,2025-08-16 23:28:52,12,2,referral,2025-08-16 23:28:52,2025-08-17 15:44:36
1821,5381,2025-07-11 04:35:17,12,2,walkin,2025-07-11 04:35:17,2025-07-12 23:13:40
1822,5482,2025-04-21 20:18:19,14,3,mobile_app,2025-04-21 20:18:19,2025-04-24 11:23:38
1823,5073,2025-10-01 09:24:23,11,3,walkin,2025-10-01 09:24:23,2025-10-04 02:10:20
1824,5889,2025-12-21 08:33:46,14,2,phone,2025-12-21 08:33:46,2025-12-22 12:21:18
1825,5056,2025-05-29 13:21:25,11,2,phone,2025-05-29 13:21:25,2025-05-29 23:21:34
1826,5584,2025-09-25 16:52:29,12,3,online,2025-09-25 16:52:29,2025-09-26 03:18:14
1827,5798,2025-05-02 09:13:02,12,3,online,2025-05-02 09:13:02,2025-05-03 20:43:18
1828,5321,2025-12-03 09:57:32,10,2,referral,2025-12-03 09:57:32,2025-12-03 14:10:59
1829,5215,2025-06-05 11:31:10,11,2,walkin,2025-06-05 11:31:10,2025-06-07 05:28:58
1830,5133,2025-11-25 15:21:58,13,2,phone,2025-11-25 15:21:58,2025-11-26 22:56:52
1831,5989,2025-10-03 09:41:35,10,1,mobile_app,2025-10-03 09:41:35,2025-10-04 13:36:19
1832,5205,2025-08-23 21:33:25,10,2,mobile_app,2025-08-23 21:33:25,2025-08-26 18:44:19
1833,5196,2025-04-07 22:59:25,10,3,online,2025-04-07 22:59:25,2025-04-10 00:16:10
1834,5232,2025-12-26 08:07:08,12,2,online,2025-12-26 08:07:08,2025-12-28 23:58:44
1835,5106,2025-08-27 22:56:58,14,2,online,2025-08-27 22:56:58,2025-08-29 11:36:04
1836,5067,2025-04-18 18:07:33,12,2,mobile_app,2025-04-18 18:07:33,2025-04-19 15:50:24
1837,5611,2025-10-21 13:07:49,13,3,online,2025-10-21 13:07:49,2025-10-22 13:43:50
1838,5351,2025-10-08 08:47:47,11,1,phone,2025-10-08 08:47:47,2025-10-09 10:57:22
1839,5020,2025-06-28 17:00:45,11,1,walkin,2025-06-28 17:00:45,2025-06-29 09:20:49
1840,5604,2025-10-13 23:31:32,10,2,walkin,2025-10-13 23:31:32,2025-10-14 11:49:50
1841,5385,2025-12-05 16:13:30,14,3,walkin,2025-12-05 16:13:30,2025-12-06 10:51:03
1842,5609,2025-04-19 15:01:23,10,3,walkin,2025-04-19 15:01:23,2025-04-21 15:13:34
1843,5050,2025-12-24 20:56:01,13,2,phone,2025-12-24 20:56:01,2025-12-25 05:21:54
1844,5127,2025-10-30 13:02:29,13,3,online,2025-10-30 13:02:29,2025-10-31 07:26:42
1845,5211,2025-12-26 23:39:33,10,2,phone,2025-12-26 23:39:33,2025-12-29 01:35:35
1846,5678,2025-05-10 05:12:01,14,2,mobile_app,2025-05-10 05:12:01,2025-05-12 05:26:26
1847,5621,2025-12-29 03:14:34,13,1,mobile_app,2025-12-29 03:14:34,2025-12-29 13:13:50
1848,5737,2025-11-26 21:21:44,12,1,walkin,2025-11-26 21:21:44,2025-11-27 05:56:07
1849,5510,2025-06-17 03:31:15,11,2,mobile_app,2025-06-17 03:31:15,2025-06-18 23:52:01
1850,5997,2025-06-18 07:43:49,13,2,online,2025-06-18 07:43:49,2025-06-19 09:47:36
1851,5041,2025-10-30 21:01:24,11,3,phone,2025-10-30 21:01:24,2025-11-01 09:10:00
1852,5339,2025-07-01 01:44:51,10,3,walkin,2025-07-01 01:44:51,2025-07-01 01:56:48
1853,5929,2025-05-13 21:17:26,14,3,phone,2025-05-13 21:17:26,2025-05-16 10:06:37
1854,5153,2025-05-05 23:37:52,14,1,walkin,2025-05-05 23:37:52,2025-05-08 08:23:40
1855,5927,2025-07-09 09:05:14,11,2,referral,2025-07-09 09:05:14,2025-07-11 08:00:23
1856,5271,2025-09-28 07:22:43,10,1,walkin,2025-09-28 07:22:43,2025-09-28 11:01:31
1857,5873,2025-07-22 20:16:56,12,2,walkin,2025-07-22 20:16:56,2025-07-23 22:30:44
1858,5098,2025-04-18 19:43:02,11,3,online,2025-04-18 19:43:02,2025-04-18 20:25:17
1859,5337,2025-08-17 20:23:48,13,3,referral,2025-08-17 20:23:48,2025-08-20 13:32:03
1860,5900,2025-05-07 02:22:08,12,1,walkin,2025-05-07 02:22:08,2025-05-08 05:30:08
1861,5411,2025-09-03 10:36:08,13,2,phone,2025-09-03 10:36:08,2025-09-06 08:40:31
1862,5707,2025-10-03 17:33:59,13,3,online,2025-10-03 17:33:59,2025-10-06 03:48:47
1863,5116,2025-05-22 11:05:50,10,1,walkin,2025-05-22 11:05:50,2025-05-24 13:47:26
1864,5427,2025-11-16 10:11:30,14,3,phone,2025-11-16 10:11:30,2025-11-17 21:20:20
1865,5186,2025-11-24 09:56:41,12,3,walkin,2025-11-24 09:56:41,2025-11-25 13:35:50
1866,5884,2025-12-22 19:40:05,11,2,phone,2025-12-22 19:40:05,2025-12-25 11:44:38
1867,5116,2025-09-07 17:26:49,10,1,referral,2025-09-07 17:26:49,2025-09-09 01:32:12
1868,5671,2025-08-01 00:54:35,14,3,mobile_app,2025-08-01 00:54:35,2025-08-01 01:48:35
1869,5742,2025-11-06 10:17:44,12,3,mobile_app,2025-11-06 10:17:44,2025-11-07 02:36:20
1870,5705,2025-12-29 01:52:50,10,2,online,2025-12-29 01:52:50,2025-12-30 22:53:57
1871,5494,2025-08-13 06:37:07,13,1,mobile_app,2025-08-13 06:37:07,2025-08-15 06:56:54
1872,5914,2025-11-25 00:46:21,10,3,online,2025-11-25 00:46:21,2025-11-25 04:44:45
1873,5518,2025-09-30 06:05:23,13,1,walkin,2025-09-30 06:05:23,2025-10-02 20:07:15
1874,5770,2025-10-08 22:29:28,11,2,referral,2025-10-08 22:29:28,2025-10-09 21:50:20
1875,5052,2025-10-14 20:55:25,14,3,phone,2025-10-14 20:55:25,2025-10-15 13:08:26
1876,5413,2025-07-01 06:21:31,13,2,mobile_app,2025-07-01 06:21:31,2025-07-01 12:05:55
1877,5459,2025-05-05 04:24:16,13,2,referral,2025-05-05 04:24:16,2025-05-07 18:46:45
1878,5122,2025-10-11 03:51:20,10,1,phone,2025-10-11 03:51:20,2025-10-13 10:07:19
1879,5423,2025-04-14 21:58:40,14,1,walkin,2025-04-14 21:58:40,2025-04-16 14:32:48
1880,5811,2025-11-21 15:34:57,14,3,referral,2025-11-21 15:34:57,2025-11-24 13:43:06
1881,5912,2025-10-15 10:03:04,11,3,phone,2025-10-15 10:03:04,2025-10-17 02:59:56
1882,5974,2025-08-11 08:59:29,10,1,phone,2025-08-11 08:59:29,2025-08-12 11:26:57
1883,5340,2025-11-04 12:59:03,14,3,phone,2025-11-04 12:59:03,2025-11-06 20:51:56
1884,5734,2025-12-12 05:14:32,13,1,walkin,2025-12-12 05:14:32,2025-12-13 07:41:47
1885,5778,2025-12-12 21:29:19,10,2,referral,2025-12-12 21:29:19,2025-12-13 13:38:08
1886,5850,2025-12-03 02:09:00,12,3,mobile_app,2025-12-03 02:09:00,2025-12-06 00:22:40
1887,5383,2025-12-29 16:00:34,10,1,phone,2025-12-29 16:00:34,2025-12-29 23:45:05
1888,5144,2026-01-04 09:34:59,13,1,referral,2026-01-04 09:34:59,2026-01-04 23:59:59
1889,5626,2025-06-16 02:07:13,10,2,online,2025-06-16 02:07:13,2025-06-16 15:46:36
1890,5469,2025-06-14 00:19:22,12,1,phone,2025-06-14 00:19:22,2025-06-16 04:31:03
1891,5048,2025-12-02 22:13:44,14,1,phone,2025-12-02 22:13:44,2025-12-05 11:12:40
1892,5469,2025-12-12 17:15:40,14,1,phone,2025-12-12 17:15:40,2025-12-14 12:10:25
1893,5005,2025-10-23 23:21:14,10,3,phone,2025-10-23 23:21:14,2025-10-26 04:57:48
1894,5859,2025-11-14 05:43:13,14,1,mobile_app,2025-11-14 05:43:13,2025-11-15 16:53:10
1895,5178,2025-05-20 20:36:17,13,3,mobile_app,2025-05-20 20:36:17,2025-05-21 04:08:43
1896,5621,2025-08-03 23:48:04,13,2,mobile_app,2025-08-03 23:48:04,2025-08-05 12:30:33
1897,5938,2025-12-25 22:42:45,11,2,phone,2025-12-25 22:42:45,2025-12-28 06:13:36
1898,5987,2025-08-12 03:40:32,12,2,online,2025-08-12 03:40:32,2025-08-15 02:20:40
1899,5142,2025-09-08 07:03:59,14,2,mobile_app,2025-09-08 07:03:59,2025-09-10 02:56:27
1900,5882,2025-07-31 21:51:38,14,3,online,2025-07-31 21:51:38,2025-08-03 01:41:51
1901,5206,2025-06-21 10:39:50,12,3,referral,2025-06-21 10:39:50,2025-06-23 08:06:51
1902,5944,2025-12-18 02:58:38,11,3,mobile_app,2025-12-18 02:58:38,2025-12-18 12:38:17
1903,5711,2025-12-04 08:07:40,10,2,mobile_app,2025-12-04 08:07:40,2025-12-05 07:36:10
1904,5492,2025-11-13 08:08:53,13,3,mobile_app,2025-11-13 08:08:53,2025-11-15 01:42:02
1905,5293,2025-09-12 00:55:34,10,3,walkin,2025-09-12 00:55:34,2025-09-14 11:47:06
1906,5026,2025-08-26 21:58:07,10,3,walkin,2025-08-26 21:58:07,2025-08-27 08:33:03
1907,5205,2025-07-13 16:25:04,11,2,referral,2025-07-13 16:25:04,2025-07-15 23:02:40
1908,5150,2025-04-25 02:11:16,12,1,mobile_app,2025-04-25 02:11:16,2025-04-27 04:28:31
1909,5034,2025-08-18 07:09:45,13,1,mobile_app,2025-08-18 07:09:45,2025-08-20 18:26:17
1910,5889,2025-12-19 08:21:31,14,1,mobile_app,2025-12-19 08:21:31,2025-12-21 14:12:24
1911,5399,2025-07-02 06:33:01,12,3,walkin,2025-07-02 06:33:01,2025-07-03 19:45:16
1912,5949,2025-08-27 04:36:28,13,3,referral,2025-08-27 04:36:28,2025-08-28 08:49:43
1913,5990,2025-11-01 10:10:27,10,3,referral,2025-11-01 10:10:27,2025-11-01 14:05:30
1914,5208,2025-11-28 00:03:15,13,1,referral,2025-11-28 00:03:15,2025-11-30 15:19:18
1915,5774,2025-11-15 12:08:55,14,1,online,2025-11-15 12:08:55,2025-11-17 03:57:06
1916,5302,2025-09-22 07:15:29,10,1,online,2025-09-22 07:15:29,2025-09-22 20:10:40
1917,5753,2025-10-17 13:23:59,13,1,phone,2025-10-17 13:23:59,2025-10-17 22:05:26
1918,5286,2025-11-03 03:52:30,11,1,mobile_app,2025-11-03 03:52:30,2025-11-03 23:06:58
1919,5867,2025-07-09 00:55:22,12,2,online,2025-07-09 00:55:22,2025-07-09 01:20:01
1920,5041,2025-05-30 16:37:09,12,3,walkin,2025-05-30 16:37:09,2025-06-02 12:14:23
1921,5793,2025-11-29 20:50:23,12,2,mobile_app,2025-11-29 20:50:23,2025-12-01 17:40:01
1922,5564,2025-08-18 01:35:58,12,3,online,2025-08-18 01:35:58,2025-08-18 06:54:23
1923,5980,2025-06-11 09:47:03,10,3,online,2025-06-11 09:47:03,2025-06-12 23:41:36
1924,5426,2025-10-28 21:52:26,13,1,referral,2025-10-28 21:52:26,2025-10-30 12:58:46
1925,5227,2025-06-22 20:36:05,12,2,referral,2025-06-22 20:36:05,2025-06-24 20:54:14
1926,5301,2025-06-24 20:03:27,14,3,phone,2025-06-24 20:03:27,2025-06-27 17:15:24
1927,5575,2025-12-09 03:54:56,10,3,referral,2025-12-09 03:54:56,2025-12-09 04:33:23
1928,5457,2025-07-03 08:12:16,14,3,online,2025-07-03 08:12:16,2025-07-06 02:04:04
1929,5982,2025-04-16 11:40:58,12,2,walkin,2025-04-16 11:40:58,2025-04-18 13:23:04
1930,5396,2025-07-09 15:35:50,12,1,mobile_app,2025-07-09 15:35:50,2025-07-11 06:56:09
1931,5842,2025-08-24 14:51:44,14,2,phone,2025-08-24 14:51:44,2025-08-26 04:18:47
1932,5045,2025-07-25 02:57:53,11,2,mobile_app,2025-07-25 02:57:53,2025-07-27 20:22:32
1933,5085,2025-05-08 06:22:43,14,3,walkin,2025-05-08 06:22:43,2025-05-08 18:34:04
1934,5642,2025-04-26 10:14:29,11,3,phone,2025-04-26 10:14:29,2025-04-27 01:35:24
1935,5856,2025-05-11 08:40:05,14,3,phone,2025-05-11 08:40:05,2025-05-11 23:38:16
1936,5663,2025-04-29 00:12:42,11,1,phone,2025-04-29 00:12:42,2025-05-01 06:35:54
1937,5735,2025-08-07 19:48:41,10,1,walkin,2025-08-07 19:48:41,2025-08-07 22:34:12
1938,5183,2025-07-07 19:57:09,10,3,online,2025-07-07 19:57:09,2025-07-09 12:35:27
1939,5933,2025-07-10 10:46:25,13,2,phone,2025-07-10 10:46:25,2025-07-11 16:27:23
1940,5444,2025-08-01 21:06:04,13,3,walkin,2025-08-01 21:06:04,2025-08-01 22:19:51
1941,5548,2025-04-03 06:58:55,14,1,mobile_app,2025-04-03 06:58:55,2025-04-05 05:41:20
1942,5047,2025-12-29 04:41:38,10,2,mobile_app,2025-12-29 04:41:38,2025-12-31 18:27:41
1943,5109,2025-07-22 13:28:22,12,3,walkin,2025-07-22 13:28:22,2025-07-24 22:46:20
1944,5289,2025-09-17 23:26:14,13,3,walkin,2025-09-17 23:26:14,2025-09-19 03:12:39
1945,5486,2025-05-31 17:02:25,11,1,phone,2025-05-31 17:02:25,2025-06-02 07:53:10
1946,5816,2025-10-29 22:31:14,11,2,referral,2025-10-29 22:31:14,2025-10-30 20:00:00
1947,5981,2025-04-05 07:55:38,14,1,walkin,2025-04-05 07:55:38,2025-04-07 00:14:01
1948,5043,2025-04-02 22:52:53,14,2,mobile_app,2025-04-02 22:52:53,2025-04-04 16:35:07
1949,5561,2025-05-04 01:26:23,11,3,referral,2025-05-04 01:26:23,2025-05-04 23:37:35
1950,5217,2025-09-08 06:13:07,14,1,online,2025-09-08 06:13:07,2025-09-11 00:09:51
1951,5189,2025-06-25 17:53:34,12,1,walkin,2025-06-25 17:53:34,2025-06-27 14:48:46
1952,5186,2025-12-17 13:58:02,14,1,mobile_app,2025-12-17 13:58:02,2025-12-20 00:11:48
1953,5473,2025-12-07 08:48:07,10,2,walkin,2025-12-07 08:48:07,2025-12-09 00:49:38
1954,5257,2025-05-09 03:18:45,14,2,referral,2025-05-09 03:18:45,2025-05-09 17:41:16
1955,5366,2025-05-20 19:03:06,11,1,referral,2025-05-20 19:03:06,2025-05-22 19:56:02
1956,5635,2025-04-28 02:39:57,11,2,phone,2025-04-28 02:39:57,2025-04-30 20:12:37
1957,5462,2025-08-06 12:24:26,12,3,mobile_app,2025-08-06 12:24:26,2025-08-08 09:17:16
1958,5157,2025-11-06 15:19:36,12,2,phone,2025-11-06 15:19:36,2025-11-08 08:36:15
1959,5173,2025-04-02 21:02:11,11,1,phone,2025-04-02 21:02:11,2025-04-03 19:50:38
1960,5284,2025-08-18 14:39:08,12,2,phone,2025-08-18 14:39:08,2025-08-19 00:25:55
1961,5457,2025-08-18 07:42:50,12,2,mobile_app,2025-08-18 07:42:50,2025-08-20 16:07:50
1962,5112,2025-06-08 06:17:47,14,1,referral,2025-06-08 06:17:47,2025-06-10 05:18:14
1963,5880,2025-05-25 08:54:36,14,1,referral,2025-05-25 08:54:36,2025-05-28 01:48:44
1964,5752,2025-11-30 08:30:40,10,1,mobile_app,2025-11-30 08:30:40,2025-11-30 14:04:44
1965,5647,2025-04-13 02:45:04,14,3,phone,2025-04-13 02:45:04,2025-04-15 13:55:33
1966,5788,2025-11-16 03:32:13,10,3,referral,2025-11-16 03:32:13,2025-11-16 19:01:46
1967,5557,2025-10-27 14:09:19,11,2,phone,2025-10-27 14:09:19,2025-10-29 00:31:58
1968,5229,2025-11-15 23:28:38,12,1,phone,2025-11-15 23:28:38,2025-11-18 04:52:09
1969,5514,2025-10-16 05:23:04,13,2,mobile_app,2025-10-16 05:23:04,2025-10-16 11:58:42
1970,5011,2025-12-14 08:36:40,14,3,online,2025-12-14 08:36:40,2025-12-15 02:00:21
1971,5776,2025-10-17 16:06:04,13,1,online,2025-10-17 16:06:04,2025-10-18 02:19:21
1972,5580,2025-11-06 17:45:18,11,3,phone,2025-11-06 17:45:18,2025-11-08 17:46:19
1973,5962,2025-08-18 08:13:00,11,2,online,2025-08-18 08:13:00,2025-08-18 11:09:35
1974,5065,2025-07-12 15:59:12,11,1,online,2025-07-12 15:59:12,2025-07-13 18:53:17
1975,5531,2025-08-19 07:06:24,13,2,walkin,2025-08-19 07:06:24,2025-08-20 11:22:00
1976,5041,2025-12-08 20:41:19,10,3,mobile_app,2025-12-08 20:41:19,2025-12-09 20:17:12
1977,5649,2025-07-16 05:09:39,12,3,mobile_app,2025-07-16 05:09:39,2025-07-18 17:57:15
1978,5584,2025-06-07 12:23:51,13,2,mobile_app,2025-06-07 12:23:51,2025-06-08 15:49:30
1979,5670,2025-05-01 05:29:52,12,2,online,2025-05-01 05:29:52,2025-05-02 19:07:12
1980,5529,2025-09-05 14:43:24,12,2,phone,2025-09-05 14:43:24,2025-09-06 16:25:14
1981,5909,2025-11-21 15:39:16,14,1,phone,2025-11-21 15:39:16,2025-11-21 16:08:05
1982,5170,2025-06-29 07:40:09,14,3,referral,2025-06-29 07:40:09,2025-06-29 13:16:57
1983,5217,2025-05-29 08:20:31,11,2,mobile_app,2025-05-29 08:20:31,2025-05-29 21:57:07
1984,5735,2025-05-16 22:55:03,11,2,referral,2025-05-16 22:55:03,2025-05-18 23:03:28
1985,5738,2025-05-15 00:23:35,13,2,online,2025-05-15 00:23:35,2025-05-16 11:27:21
1986,5605,2025-06-02 14:55:26,13,1,online,2025-06-02 14:55:26,2025-06-04 14:03:21
1987,5045,2025-05-20 15:58:32,14,1,online,2025-05-20 15:58:32,2025-05-22 09:44:08
1988,5645,2025-10-17 02:10:38,14,1,walkin,2025-10-17 02:10:38,2025-10-17 05:01:51
1989,5171,2025-07-10 07:09:15,11,3,phone,2025-07-10 07:09:15,2025-07-13 02:19:28
1990,5614,2025-11-05 21:10:35,10,3,referral,2025-11-05 21:10:35,2025-11-07 19:36:23
1991,5970,2025-05-04 07:14:02,13,3,phone,2025-05-04 07:14:02,2025-05-04 23:00:20
1992,5889,2025-10-05 01:28:29,11,2,mobile_app,2025-10-05 01:28:29,2025-10-05 13:53:42
1993,5147,2025-11-13 06:39:20,11,3,mobile_app,2025-11-13 06:39:20,2025-11-15 18:23:56
1994,5271,2025-06-05 03:16:46,12,2,mobile_app,2025-06-05 03:16:46,2025-06-07 08:00:47
1995,5605,2025-04-27 17:39:44,13,2,online,2025-04-27 17:39:44,2025-04-28 10:23:48
1996,5112,2025-04-07 10:22:29,14,3,phone,2025-04-07 10:22:29,2025-04-08 01:06:33
1997,5847,2025-05-29 02:00:40,10,1,phone,2025-05-29 02:00:40,2025-05-30 22:06:11
1998,5924,2025-11-25 17:52:05,10,3,mobile_app,2025-11-25 17:52:05,2025-11-27 13:32:42
1999,5771,2025-05-16 15:19:56,13,3,online,2025-05-16 15:19:56,2025-05-16 22:07:05
2000,5924,2025-11-21 08:47:29,10,3,phone,2025-11-21 08:47:29,2025-11-23 00:03:39
2001,5535,2025-09-11 09:03:33,10,3,mobile_app,2025-09-11 09:03:33,2025-09-12 12:01:45
2002,5440,2025-06-29 02:58:00,13,2,referral,2025-06-29 02:58:00,2025-07-01 23:18:01
2003,5604,2025-12-27 13:47:07,10,2,online,2025-12-27 13:47:07,2025-12-29 07:44:13
2004,5261,2025-10-03 07:16:43,11,1,referral,2025-10-03 07:16:43,2025-10-05 15:02:48
2005,5613,2025-10-29 03:56:25,12,1,walkin,2025-10-29 03:56:25,2025-10-30 09:41:49
2006,5727,2025-04-03 18:18:28,14,1,mobile_app,2025-04-03 18:18:28,2025-04-05 12:23:43
2007,5008,2025-08-24 15:31:54,11,3,referral,2025-08-24 15:31:54,2025-08-26 15:11:39
2008,5419,2025-08-19 16:35:57,11,2,mobile_app,2025-08-19 16:35:57,2025-08-20 00:21:37
2009,5260,2025-07-11 11:31:10,14,2,mobile_app,2025-07-11 11:31:10,2025-07-14 01:46:37
2010,5375,2025-11-24 15:08:28,13,1,phone,2025-11-24 15:08:28,2025-11-25 11:12:24
2011,5566,2025-11-03 12:51:38,11,2,mobile_app,2025-11-03 12:51:38,2025-11-04 23:59:34
2012,5569,2025-10-05 20:58:17,12,3,referral,2025-10-05 20:58:17,2025-10-06 15:27:03
2013,5793,2025-12-30 23:41:10,11,3,walkin,2025-12-30 23:41:10,2026-01-01 04:40:37
2014,5766,2025-06-29 05:37:25,11,1,online,2025-06-29 05:37:25,2025-06-30 14:08:37
2015,5521,2025-09-03 13:29:53,12,3,mobile_app,2025-09-03 13:29:53,2025-09-05 22:44:19
2016,5714,2025-12-22 20:36:11,10,1,phone,2025-12-22 20:36:11,2025-12-25 00:04:11
2017,5988,2025-12-03 22:47:58,10,1,phone,2025-12-03 22:47:58,2025-12-03 23:11:04
2018,5949,2025-11-20 02:41:34,10,1,referral,2025-11-20 02:41:34,2025-11-21 10:23:45
2019,5228,2025-08-23 00:26:02,14,1,phone,2025-08-23 00:26:02,2025-08-23 06:15:43
2020,5954,2025-09-03 14:16:50,14,2,mobile_app,2025-09-03 14:16:50,2025-09-05 10:59:17
2021,5059,2025-06-08 01:38:43,13,2,walkin,2025-06-08 01:38:43,2025-06-10 00:16:11
2022,5207,2025-12-12 02:36:16,14,2,online,2025-12-12 02:36:16,2025-12-14 22:22:48
2023,5035,2025-11-19 19:53:02,14,3,online,2025-11-19 19:53:02,2025-11-21 09:03:39
2024,5630,2025-06-05 19:41:42,10,2,online,2025-06-05 19:41:42,2025-06-07 20:46:33
2025,5671,2025-04-01 02:40:39,11,1,referral,2025-04-01 02:40:39,2025-04-04 01:43:18
2026,5799,2025-09-03 02:59:30,13,2,mobile_app,2025-09-03 02:59:30,2025-09-04 04:42:20
2027,5206,2025-10-19 01:42:42,10,1,mobile_app,2025-10-19 01:42:42,2025-10-19 02:49:50
2028,5292,2025-11-04 03:19:08,14,2,referral,2025-11-04 03:19:08,2025-11-06 21:56:52
2029,5987,2025-07-17 09:14:23,14,1,phone,2025-07-17 09:14:23,2025-07-18 01:43:05
2030,5953,2025-09-04 21:08:49,10,2,online,2025-09-04 21:08:49,2025-09-06 15:00:37
2031,5417,2025-10-14 14:28:51,14,1,mobile_app,2025-10-14 14:28:51,2025-10-14 22:14:00
2032,5302,2025-08-11 00:42:42,10,3,referral,2025-08-11 00:42:42,2025-08-13 21:40:16
2033,5898,2025-10-26 21:37:22,14,2,phone,2025-10-26 21:37:22,2025-10-29 08:50:03
2034,5990,2025-08-25 10:38:34,13,1,referral,2025-08-25 10:38:34,2025-08-27 03:39:05
2035,5985,2025-09-26 04:46:38,13,3,walkin,2025-09-26 04:46:38,2025-09-28 06:24:33
2036,5494,2025-05-16 03:41:56,10,2,online,2025-05-16 03:41:56,2025-05-16 22:28:21
2037,5694,2025-12-29 07:26:05,12,2,referral,2025-12-29 07:26:05,2025-12-30 00:10:39
2038,5529,2025-10-26 00:38:15,12,1,referral,2025-10-26 00:38:15,2025-10-26 01:20:43
2039,5096,2025-09-02 22:18:10,12,1,mobile_app,2025-09-02 22:18:10,2025-09-04 23:21:35
2040,5954,2025-06-09 07:36:27,12,2,online,2025-06-09 07:36:27,2025-06-10 18:18:33
2041,5916,2025-11-09 19:23:21,11,3,online,2025-11-09 19:23:21,2025-11-10 14:58:57
2042,5511,2025-06-17 13:01:37,11,2,online,2025-06-17 13:01:37,2025-06-18 06:07:44
2043,5235,2025-06-18 17:55:16,11,3,referral,2025-06-18 17:55:16,2025-06-21 06:43:10
2044,5160,2025-05-12 10:24:58,10,3,phone,2025-05-12 10:24:58,2025-05-12 19:08:43
2045,5629,2025-04-03 13:44:13,14,1,phone,2025-04-03 13:44:13,2025-04-05 21:23:15
2046,5381,2025-11-28 01:02:24,13,3,referral,2025-11-28 01:02:24,2025-11-29 00:00:28
2047,5503,2025-06-11 00:29:21,14,2,phone,2025-06-11 00:29:21,2025-06-14 00:10:14
2048,5228,2025-11-10 22:54:32,10,3,phone,2025-11-10 22:54:32,2025-11-11 08:14:50
2049,5490,2025-10-28 00:19:21,14,2,phone,2025-10-28 00:19:21,2025-10-28 02:41:37
2050,5882,2025-12-23 13:08:23,11,2,walkin,2025-12-23 13:08:23,2025-12-25 21:38:21
2051,5716,2025-10-19 06:01:19,12,3,walkin,2025-10-19 06:01:19,2025-10-20 15:31:23
2052,5013,2025-12-18 19:05:45,13,3,walkin,2025-12-18 19:05:45,2025-12-19 10:26:32
2053,5334,2025-08-19 10:22:40,12,1,mobile_app,2025-08-19 10:22:40,2025-08-21 06:59:56
2054,5270,2025-07-02 02:17:49,13,3,referral,2025-07-02 02:17:49,2025-07-02 21:54:52
2055,5375,2025-06-11 10:11:58,13,1,phone,2025-06-11 10:11:58,2025-06-12 22:31:07
2056,5718,2025-08-23 14:10:38,13,2,phone,2025-08-23 14:10:38,2025-08-24 16:45:41
2057,5185,2025-11-08 21:55:28,14,3,online,2025-11-08 21:55:28,2025-11-09 07:28:25
2058,5834,2025-05-09 18:51:12,12,1,mobile_app,2025-05-09 18:51:12,2025-05-11 23:20:29
2059,5443,2025-08-26 22:05:25,11,3,online,2025-08-26 22:05:25,2025-08-27 12:22:01
2060,5485,2025-04-04 18:48:17,13,2,online,2025-04-04 18:48:17,2025-04-05 07:39:53
2061,5915,2025-12-01 22:06:09,14,3,referral,2025-12-01 22:06:09,2025-12-03 11:44:59
2062,5805,2025-10-06 23:37:44,12,3,mobile_app,2025-10-06 23:37:44,2025-10-07 21:28:36
2063,5049,2025-09-02 17:22:29,11,1,online,2025-09-02 17:22:29,2025-09-03 00:34:54
2064,5834,2025-07-08 18:09:05,10,2,referral,2025-07-08 18:09:05,2025-07-10 04:51:06
2065,5267,2025-08-19 04:24:35,14,3,referral,2025-08-19 04:24:35,2025-08-20 06:38:47
2066,5353,2025-04-08 16:52:43,10,2,mobile_app,2025-04-08 16:52:43,2025-04-09 22:51:43
2067,5204,2025-11-11 00:40:00,14,1,referral,2025-11-11 00:40:00,2025-11-12 18:36:07
2068,5364,2025-08-05 06:03:39,14,2,phone,2025-08-05 06:03:39,2025-08-07 07:04:52
2069,5911,2025-05-01 10:48:39,14,2,phone,2025-05-01 10:48:39,2025-05-02 14:33:34
2070,5647,2025-05-27 06:05:03,11,3,referral,2025-05-27 06:05:03,2025-05-29 21:18:31
2071,5432,2025-12-02 03:53:40,14,2,walkin,2025-12-02 03:53:40,2025-12-04 00:28:53
2072,5082,2025-06-02 21:56:40,11,2,referral,2025-06-02 21:56:40,2025-06-03 22:57:59
2073,5669,2025-07-23 03:38:16,12,3,phone,2025-07-23 03:38:16,2025-07-25 07:22:11
2074,5278,2025-09-20 18:45:12,12,3,mobile_app,2025-09-20 18:45:12,2025-09-23 03:37:19
2075,5534,2025-09-22 20:59:40,11,1,walkin,2025-09-22 20:59:40,2025-09-24 03:08:24
2076,5129,2025-07-01 02:53:02,12,3,walkin,2025-07-01 02:53:02,2025-07-03 03:05:27
2077,5216,2025-06-04 19:43:05,10,1,walkin,2025-06-04 19:43:05,2025-06-06 00:37:48
2078,5960,2025-10-01 18:24:40,10,1,phone,2025-10-01 18:24:40,2025-10-03 10:20:48
2079,5537,2025-05-03 07:57:26,12,3,online,2025-05-03 07:57:26,2025-05-03 15:31:30
2080,5087,2025-12-11 07:28:58,13,2,online,2025-12-11 07:28:58,2025-12-14 03:19:08
2081,5254,2025-07-20 08:42:20,11,1,mobile_app,2025-07-20 08:42:20,2025-07-21 16:58:31
2082,5859,2025-06-06 06:10:54,10,3,referral,2025-06-06 06:10:54,2025-06-06 08:15:43
2083,5882,2025-08-05 07:05:45,13,2,mobile_app,2025-08-05 07:05:45,2025-08-07 22:01:40
2084,5958,2025-07-15 19:05:11,13,1,mobile_app,2025-07-15 19:05:11,2025-07-17 11:01:48
2085,5182,2025-11-16 10:56:36,13,3,mobile_app,2025-11-16 10:56:36,2025-11-18 06:27:29
2086,5446,2025-10-21 06:59:56,14,2,referral,2025-10-21 06:59:56,2025-10-23 05:35:12
2087,5494,2025-10-27 14:04:17,10,2,referral,2025-10-27 14:04:17,2025-10-28 06:36:37
2088,5375,2025-09-08 02:01:04,11,2,walkin,2025-09-08 02:01:04,2025-09-08 20:56:10
2089,5001,2025-10-21 05:39:39,11,2,referral,2025-10-21 05:39:39,2025-10-23 17:02:05
2090,5481,2025-10-25 19:28:59,13,2,referral,2025-10-25 19:28:59,2025-10-25 20:05:19
2091,5010,2025-09-15 03:56:52,12,3,online,2025-09-15 03:56:52,2025-09-17 14:03:13
2092,5816,2025-04-03 19:16:35,12,1,phone,2025-04-03 19:16:35,2025-04-05 11:11:45
2093,5904,2025-11-04 16:44:43,13,1,online,2025-11-04 16:44:43,2025-11-06 00:34:27
2094,5733,2025-12-07 21:04:14,13,1,referral,2025-12-07 21:04:14,2025-12-09 01:26:57
2095,5082,2025-09-11 23:33:22,11,3,mobile_app,2025-09-11 23:33:22,2025-09-13 21:05:26
2096,5827,2025-12-26 11:50:44,12,2,mobile_app,2025-12-26 11:50:44,2025-12-28 13:41:58
2097,5829,2025-07-14 09:36:10,11,1,online,2025-07-14 09:36:10,2025-07-15 15:40:10
2098,5140,2025-07-22 11:13:25,13,3,phone,2025-07-22 11:13:25,2025-07-22 19:15:34
2099,5279,2025-12-29 00:52:40,13,1,referral,2025-12-29 00:52:40,2025-12-30 22:13:31
2100,5020,2025-05-30 02:08:03,14,1,online,2025-05-30 02:08:03,2025-05-30 05:44:53
2101,5996,2025-05-10 17:15:28,12,1,phone,2025-05-10 17:15:28,2025-05-11 13:48:02
2102,5745,2025-04-04 04:28:03,10,1,walkin,2025-04-04 04:28:03,2025-04-04 21:25:12
2103,5506,2025-06-24 08:20:22,13,2,phone,2025-06-24 08:20:22,2025-06-25 09:14:12
2104,5381,2025-09-28 01:51:08,10,2,walkin,2025-09-28 01:51:08,2025-09-30 04:36:05
2105,5864,2025-05-27 17:38:14,12,2,walkin,2025-05-27 17:38:14,2025-05-27 21:43:04
2106,5557,2025-09-30 14:05:08,11,2,phone,2025-09-30 14:05:08,2025-10-01 03:18:34
2107,5849,2025-04-05 21:35:05,11,2,phone,2025-04-05 21:35:05,2025-04-06 06:27:56
2108,5254,2025-04-14 00:20:18,13,3,walkin,2025-04-14 00:20:18,2025-04-14 14:50:31
2109,5534,2025-12-15 15:38:36,11,2,phone,2025-12-15 15:38:36,2025-12-18 15:09:31
2110,5698,2025-07-31 05:04:12,12,1,walkin,2025-07-31 05:04:12,2025-08-03 01:14:35
2111,5763,2025-10-31 10:27:22,10,2,phone,2025-10-31 10:27:22,2025-11-02 00:23:19
2112,5654,2025-07-26 01:08:23,12,1,online,2025-07-26 01:08:23,2025-07-26 15:36:37
2113,5997,2025-05-14 20:34:10,13,2,walkin,2025-05-14 20:34:10,2025-05-15 13:45:07
2114,5172,2025-07-17 05:26:20,10,2,online,2025-07-17 05:26:20,2025-07-19 00:00:54
2115,5010,2025-04-17 07:24:23,13,3,mobile_app,2025-04-17 07:24:23,2025-04-19 01:43:08
2116,5159,2025-08-23 05:41:11,10,1,online,2025-08-23 05:41:11,2025-08-25 13:48:50
2117,5512,2025-05-06 11:55:27,14,2,walkin,2025-05-06 11:55:27,2025-05-08 13:52:23
2118,5062,2025-08-17 01:39:53,11,3,mobile_app,2025-08-17 01:39:53,2025-08-19 00:36:04
2119,5811,2025-05-12 16:57:46,13,1,referral,2025-05-12 16:57:46,2025-05-13 02:07:30
2120,5572,2025-12-07 08:32:09,12,2,online,2025-12-07 08:32:09,2025-12-09 15:38:12
2121,5022,2025-12-24 16:16:31,12,3,online,2025-12-24 16:16:31,2025-12-25 19:47:00
2122,5257,2025-04-16 08:03:35,13,3,referral,2025-04-16 08:03:35,2025-04-17 19:23:54
2123,5556,2025-12-27 16:51:46,11,3,online,2025-12-27 16:51:46,2025-12-29 04:33:00
2124,5557,2025-08-14 00:28:10,13,2,mobile_app,2025-08-14 00:28:10,2025-08-15 00:02:20
2125,5937,2025-11-02 08:30:14,10,3,online,2025-11-02 08:30:14,2025-11-02 20:10:47
2126,5461,2025-07-24 19:52:08,12,3,referral,2025-07-24 19:52:08,2025-07-27 07:32:13
2127,5465,2025-04-01 06:42:33,14,2,online,2025-04-01 06:42:33,2025-04-03 15:12:35
2128,5905,2025-04-08 06:28:54,12,3,online,2025-04-08 06:28:54,2025-04-10 03:36:33
2129,5329,2025-04-25 14:23:16,14,2,online,2025-04-25 14:23:16,2025-04-27 14:19:22
2130,5537,2025-12-22 08:06:39,14,1,mobile_app,2025-12-22 08:06:39,2025-12-23 20:20:28
2131,5290,2025-08-04 06:51:01,12,1,walkin,2025-08-04 06:51:01,2025-08-05 12:41:28
2132,5536,2025-12-12 21:18:34,10,1,online,2025-12-12 21:18:34,2025-12-13 02:09:53
2133,5895,2025-04-13 03:29:33,10,2,online,2025-04-13 03:29:33,2025-04-13 18:12:26
2134,5102,2025-04-13 08:33:26,13,3,phone,2025-04-13 08:33:26,2025-04-15 02:08:13
2135,5539,2025-11-29 07:49:35,14,2,walkin,2025-11-29 07:49:35,2025-12-01 10:53:40
2136,5376,2025-06-25 17:17:07,10,1,online,2025-06-25 17:17:07,2025-06-27 13:24:34
2137,5672,2025-10-08 20:13:52,10,2,walkin,2025-10-08 20:13:52,2025-10-11 15:50:07
2138,5370,2025-11-03 17:07:20,13,2,walkin,2025-11-03 17:07:20,2025-11-05 23:15:38
2139,5844,2025-11-26 14:14:07,14,1,walkin,2025-11-26 14:14:07,2025-11-27 09:35:28
2140,5855,2025-07-28 00:35:44,11,3,walkin,2025-07-28 00:35:44,2025-07-28 06:16:14
2141,5104,2025-06-29 17:14:37,13,1,online,2025-06-29 17:14:37,2025-07-01 07:57:28
2142,5539,2025-12-12 02:31:58,14,3,online,2025-12-12 02:31:58,2025-12-12 20:38:49
2143,5572,2025-11-03 18:15:24,10,3,mobile_app,2025-11-03 18:15:24,2025-11-05 00:29:22
2144,5367,2025-12-18 22:43:34,13,1,online,2025-12-18 22:43:34,2025-12-20 08:07:44
2145,5812,2025-06-10 01:25:03,13,3,referral,2025-06-10 01:25:03,2025-06-11 17:27:53
2146,5674,2025-06-01 10:18:41,14,2,referral,2025-06-01 10:18:41,2025-06-03 01:11:19
2147,5925,2025-08-01 09:27:26,12,2,phone,2025-08-01 09:27:26,2025-08-03 01:30:46
2148,5783,2025-12-02 22:13:56,12,3,online,2025-12-02 22:13:56,2025-12-04 05:35:12
2149,5577,2025-10-29 21:36:18,13,3,referral,2025-10-29 21:36:18,2025-10-30 13:10:57
2150,5369,2025-09-23 16:42:21,13,1,walkin,2025-09-23 16:42:21,2025-09-25 01:17:30
2151,5292,2025-11-18 08:54:43,14,1,referral,2025-11-18 08:54:43,2025-11-18 10:05:56
2152,5007,2025-07-26 15:18:55,11,1,referral,2025-07-26 15:18:55,2025-07-29 14:59:48
2153,5023,2025-12-24 20:38:55,12,3,mobile_app,2025-12-24 20:38:55,2025-12-27 08:31:45
2154,5570,2025-11-08 15:00:47,14,1,walkin,2025-11-08 15:00:47,2025-11-11 10:26:12
2155,5039,2025-09-26 18:57:27,11,1,referral,2025-09-26 18:57:27,2025-09-27 20:51:20
2156,5376,2025-11-13 02:05:04,11,2,referral,2025-11-13 02:05:04,2025-11-13 20:16:42
2157,5095,2025-11-08 13:19:32,14,1,walkin,2025-11-08 13:19:32,2025-11-09 18:26:16
2158,5741,2025-08-05 02:20:57,13,1,phone,2025-08-05 02:20:57,2025-08-07 12:05:12
2159,5846,2025-12-24 19:29:31,14,1,mobile_app,2025-12-24 19:29:31,2025-12-26 22:40:18
2160,5658,2025-07-26 15:52:05,14,2,walkin,2025-07-26 15:52:05,2025-07-26 18:35:21
2161,5799,2025-04-22 17:14:14,12,2,phone,2025-04-22 17:14:14,2025-04-25 12:21:57
2162,5427,2025-05-17 19:31:08,11,3,mobile_app,2025-05-17 19:31:08,2025-05-20 10:51:17
2163,5951,2025-04-05 10:34:34,13,1,referral,2025-04-05 10:34:34,2025-04-07 08:44:03
2164,5537,2025-04-16 23:50:47,14,3,online,2025-04-16 23:50:47,2025-04-17 23:05:53
2165,5335,2025-10-13 02:43:20,11,1,walkin,2025-10-13 02:43:20,2025-10-15 05:31:55
2166,5690,2025-08-31 13:55:55,13,3,mobile_app,2025-08-31 13:55:55,2025-09-03 12:38:27
2167,5517,2025-05-05 23:38:02,13,2,phone,2025-05-05 23:38:02,2025-05-06 15:48:20
2168,5152,2025-05-22 08:05:28,10,2,mobile_app,2025-05-22 08:05:28,2025-05-23 08:34:12
2169,5764,2025-04-20 03:36:45,13,2,walkin,2025-04-20 03:36:45,2025-04-21 19:31:39
2170,5409,2025-10-12 21:19:49,11,1,phone,2025-10-12 21:19:49,2025-10-14 04:58:08
2171,5573,2025-06-16 22:30:19,13,3,mobile_app,2025-06-16 22:30:19,2025-06-18 10:01:48
2172,5201,2025-11-04 22:27:40,14,1,online,2025-11-04 22:27:40,2025-11-06 19:18:59
2173,5074,2025-07-13 09:41:45,13,2,mobile_app,2025-07-13 09:41:45,2025-07-15 18:15:31
2174,5092,2025-05-14 16:51:15,13,2,referral,2025-05-14 16:51:15,2025-05-16 17:46:09
2175,5357,2025-06-13 23:29:35,12,3,walkin,2025-06-13 23:29:35,2025-06-14 22:50:54
2176,5789,2025-07-28 09:07:03,12,3,phone,2025-07-28 09:07:03,2025-07-28 21:26:32
2177,5639,2025-05-27 15:07:36,10,1,online,2025-05-27 15:07:36,2025-05-28 23:12:00
2178,5702,2025-08-24 04:15:44,10,1,walkin,2025-08-24 04:15:44,2025-08-24 15:37:16
2179,5249,2025-11-28 04:09:44,11,2,walkin,2025-11-28 04:09:44,2025-11-30 23:38:40
2180,5352,2025-12-26 10:38:24,10,2,phone,2025-12-26 10:38:24,2025-12-28 21:12:21
2181,5483,2025-04-09 20:01:40,11,3,mobile_app,2025-04-09 20:01:40,2025-04-10 20:11:39
2182,5217,2025-06-19 03:33:58,14,2,mobile_app,2025-06-19 03:33:58,2025-06-20 19:21:19
2183,5495,2025-11-28 23:10:20,11,3,walkin,2025-11-28 23:10:20,2025-12-01 04:19:25
2184,5386,2025-11-13 09:59:59,14,1,referral,2025-11-13 09:59:59,2025-11-16 03:58:32
2185,5175,2025-04-24 08:15:58,11,3,mobile_app,2025-04-24 08:15:58,2025-04-25 04:56:50
2186,5278,2025-04-21 14:47:25,10,1,phone,2025-04-21 14:47:25,2025-04-23 00:38:51
2187,5677,2025-07-15 08:47:45,12,1,walkin,2025-07-15 08:47:45,2025-07-17 09:04:21
2188,5300,2025-12-09 04:57:02,11,2,mobile_app,2025-12-09 04:57:02,2025-12-10 09:05:46
2189,6001,2026-01-01 14:46:44,12,2,mobile_app,2026-01-01 14:46:44,2026-01-01 22:01:54
2190,5545,2025-05-05 04:24:43,11,3,phone,2025-05-05 04:24:43,2025-05-05 17:59:11
2191,5575,2026-01-02 16:41:39,10,1,mobile_app,2026-01-02 16:41:39,2026-01-02 18:15:32
2192,5313,2025-08-08 13:05:39,13,3,online,2025-08-08 13:05:39,2025-08-10 00:46:11
2193,5019,2025-08-13 16:13:22,12,2,referral,2025-08-13 16:13:22,2025-08-15 18:03:10
2194,5242,2025-10-12 16:00:08,10,3,referral,2025-10-12 16:00:08,2025-10-13 12:05:27
2195,5900,2025-08-29 08:41:29,10,3,referral,2025-08-29 08:41:29,2025-09-01 01:31:42
2196,5231,2025-05-29 22:01:21,13,3,online,2025-05-29 22:01:21,2025-05-30 22:54:38
2197,5090,2025-08-27 10:25:42,14,3,online,2025-08-27 10:25:42,2025-08-29 00:20:45
2198,5428,2025-07-03 08:19:30,11,2,referral,2025-07-03 08:19:30,2025-07-05 02:02:31
2199,5932,2025-11-22 02:26:49,13,3,online,2025-11-22 02:26:49,2025-11-23 02:25:29
2200,5212,2025-12-10 09:29:09,14,3,online,2025-12-10 09:29:09,2025-12-10 19:34:36
2201,5884,2025-05-24 15:16:30,14,1,phone,2025-05-24 15:16:30,2025-05-25 13:46:32
2202,5931,2025-05-27 08:55:06,14,1,referral,2025-05-27 08:55:06,2025-05-29 08:42:13
2203,5070,2025-11-03 10:47:17,10,1,referral,2025-11-03 10:47:17,2025-11-05 01:35:49
2204,5860,2025-05-27 12:22:15,10,2,phone,2025-05-27 12:22:15,2025-05-29 17:18:54
2205,5985,2025-09-07 17:08:39,13,3,referral,2025-09-07 17:08:39,2025-09-08 15:13:59
2206,5156,2025-06-12 23:40:05,11,1,walkin,2025-06-12 23:40:05,2025-06-13 07:26:34
2207,5781,2025-11-24 16:04:54,12,3,mobile_app,2025-11-24 16:04:54,2025-11-26 13:00:22
2208,5628,2025-06-29 16:14:59,11,1,walkin,2025-06-29 16:14:59,2025-07-01 11:40:31
2209,5368,2025-05-01 20:45:52,13,1,mobile_app,2025-05-01 20:45:52,2025-05-03 22:52:24
2210,5867,2025-11-21 20:19:19,12,1,phone,2025-11-21 20:19:19,2025-11-23 06:27:22
2211,5504,2025-10-02 00:34:24,11,1,online,2025-10-02 00:34:24,2025-10-02 10:35:12
2212,5034,2025-09-06 16:19:37,10,2,phone,2025-09-06 16:19:37,2025-09-08 23:59:56
2213,5228,2025-12-17 17:20:01,11,1,walkin,2025-12-17 17:20:01,2025-12-20 17:17:43
2214,5182,2025-09-18 14:26:05,14,2,referral,2025-09-18 14:26:05,2025-09-21 05:34:37
2215,5888,2025-09-25 16:37:40,11,2,phone,2025-09-25 16:37:40,2025-09-28 09:15:35
2216,5795,2025-04-17 05:50:56,13,3,referral,2025-04-17 05:50:56,2025-04-19 02:07:01
2217,5404,2025-11-24 11:38:18,14,3,mobile_app,2025-11-24 11:38:18,2025-11-27 08:01:27
2218,5538,2025-12-06 02:13:25,10,3,walkin,2025-12-06 02:13:25,2025-12-08 17:59:46
2219,5463,2025-09-25 10:37:14,10,1,mobile_app,2025-09-25 10:37:14,2025-09-27 22:50:29
2220,5551,2025-09-01 15:21:48,10,3,phone,2025-09-01 15:21:48,2025-09-04 15:00:13
2221,5529,2025-12-01 22:04:13,10,1,referral,2025-12-01 22:04:13,2025-12-04 20:09:50
2222,5451,2025-09-02 14:00:02,12,2,phone,2025-09-02 14:00:02,2025-09-05 06:24:01
2223,5171,2025-09-12 01:37:58,14,1,mobile_app,2025-09-12 01:37:58,2025-09-12 23:04:18
2224,5926,2025-05-26 05:46:09,13,1,mobile_app,2025-05-26 05:46:09,2025-05-27 15:31:33
2225,5116,2025-06-09 19:35:26,14,3,mobile_app,2025-06-09 19:35:26,2025-06-12 04:17:45
2226,5139,2025-08-31 15:38:50,12,2,walkin,2025-08-31 15:38:50,2025-09-01 21:45:42
2227,5184,2025-09-24 04:36:39,11,2,walkin,2025-09-24 04:36:39,2025-09-25 23:35:46
2228,5257,2025-08-04 20:35:45,11,3,walkin,2025-08-04 20:35:45,2025-08-06 22:57:54
2229,5094,2025-05-15 08:05:39,13,3,referral,2025-05-15 08:05:39,2025-05-17 11:31:12
2230,5088,2025-10-21 10:19:52,13,3,mobile_app,2025-10-21 10:19:52,2025-10-23 13:50:00
2231,5627,2025-06-02 02:22:22,14,2,walkin,2025-06-02 02:22:22,2025-06-03 05:56:50
2232,5787,2025-06-06 08:45:48,12,3,online,2025-06-06 08:45:48,2025-06-09 03:11:29
2233,5167,2025-05-27 03:50:18,10,2,referral,2025-05-27 03:50:18,2025-05-27 16:51:46
2234,5317,2025-09-21 07:25:41,11,1,online,2025-09-21 07:25:41,2025-09-22 04:27:23
2235,5984,2025-06-18 18:42:53,14,2,walkin,2025-06-18 18:42:53,2025-06-18 18:58:19
2236,5470,2025-10-11 06:13:31,13,3,walkin,2025-10-11 06:13:31,2025-10-13 20:30:51
2237,5623,2025-10-09 15:26:38,11,3,phone,2025-10-09 15:26:38,2025-10-10 08:45:56
2238,5465,2025-09-07 06:53:16,10,3,mobile_app,2025-09-07 06:53:16,2025-09-08 15:03:50
2239,5007,2025-07-05 00:53:31,14,2,mobile_app,2025-07-05 00:53:31,2025-07-07 17:07:46
2240,5644,2025-11-03 12:43:48,11,1,online,2025-11-03 12:43:48,2025-11-06 00:26:57
2241,5152,2025-04-22 09:13:59,12,1,online,2025-04-22 09:13:59,2025-04-24 08:48:11
2242,5875,2025-04-13 14:17:20,14,3,referral,2025-04-13 14:17:20,2025-04-15 14:51:29
2243,5340,2025-05-05 01:26:53,10,2,online,2025-05-05 01:26:53,2025-05-05 05:01:06
2244,5166,2025-12-18 00:20:14,14,3,mobile_app,2025-12-18 00:20:14,2025-12-18 21:02:42
2245,5587,2025-11-05 07:52:16,13,3,mobile_app,2025-11-05 07:52:16,2025-11-05 20:47:25
2246,5369,2025-04-14 22:03:12,12,2,referral,2025-04-14 22:03:12,2025-04-15 04:50:04
2247,5920,2025-08-26 03:58:14,10,2,mobile_app,2025-08-26 03:58:14,2025-08-28 15:42:01
2248,5067,2025-07-23 17:23:55,11,1,referral,2025-07-23 17:23:55,2025-07-25 03:40:56
2249,5338,2025-10-22 16:29:15,14,1,online,2025-10-22 16:29:15,2025-10-23 22:36:59
2250,5627,2025-04-23 14:19:10,14,3,mobile_app,2025-04-23 14:19:10,2025-04-23 22:16:42
2251,5090,2025-10-05 20:03:56,14,3,referral,2025-10-05 20:03:56,2025-10-08 00:47:27
2252,5438,2025-11-23 10:50:34,12,2,mobile_app,2025-11-23 10:50:34,2025-11-26 00:34:39
2253,5589,2025-11-29 01:03:23,11,3,mobile_app,2025-11-29 01:03:23,2025-11-30 02:49:23
2254,5509,2025-10-19 20:00:32,13,2,online,2025-10-19 20:00:32,2025-10-22 01:06:23
2255,5905,2025-11-23 16:04:24,12,1,walkin,2025-11-23 16:04:24,2025-11-24 09:01:10
2256,5122,2025-04-10 07:34:23,10,3,online,2025-04-10 07:34:23,2025-04-11 17:25:29
2257,5819,2025-11-25 23:05:10,13,1,referral,2025-11-25 23:05:10,2025-11-27 05:16:43
2258,5359,2025-11-04 15:27:03,11,1,online,2025-11-04 15:27:03,2025-11-07 02:08:42
2259,5707,2025-07-19 08:57:04,10,2,referral,2025-07-19 08:57:04,2025-07-20 03:28:38
2260,5519,2025-10-31 14:18:42,10,1,referral,2025-10-31 14:18:42,2025-11-01 13:53:56
2261,5350,2025-09-01 19:26:50,14,3,walkin,2025-09-01 19:26:50,2025-09-04 00:11:46
2262,5853,2025-06-08 04:58:54,12,2,phone,2025-06-08 04:58:54,2025-06-08 19:06:34
2263,5939,2025-10-02 06:39:53,10,3,online,2025-10-02 06:39:53,2025-10-04 16:43:08
2264,5494,2025-05-31 08:18:18,13,3,referral,2025-05-31 08:18:18,2025-06-02 05:58:34
2265,5474,2025-09-08 18:19:19,10,3,referral,2025-09-08 18:19:19,2025-09-11 13:52:53
2266,5579,2025-12-20 09:15:36,14,3,walkin,2025-12-20 09:15:36,2025-12-21 08:14:03
2267,5214,2025-11-11 05:44:09,12,2,walkin,2025-11-11 05:44:09,2025-11-13 07:39:06
2268,5993,2025-05-28 23:37:21,10,2,phone,2025-05-28 23:37:21,2025-05-29 20:02:41
2269,5642,2025-10-25 11:47:12,11,3,mobile_app,2025-10-25 11:47:12,2025-10-28 01:07:43
2270,5399,2025-06-12 18:29:52,10,2,referral,2025-06-12 18:29:52,2025-06-14 13:50:17
2271,5727,2025-04-13 06:47:46,13,1,phone,2025-04-13 06:47:46,2025-04-14 02:33:57
2272,5899,2025-07-02 06:59:10,13,2,online,2025-07-02 06:59:10,2025-07-03 10:02:38
2273,5538,2025-07-27 09:48:38,10,2,walkin,2025-07-27 09:48:38,2025-07-27 22:33:16
2274,5797,2025-06-18 11:41:37,10,2,mobile_app,2025-06-18 11:41:37,2025-06-21 06:12:07
2275,5026,2025-10-05 10:44:49,14,1,online,2025-10-05 10:44:49,2025-10-08 04:38:37
2276,5349,2025-10-05 18:17:06,14,2,referral,2025-10-05 18:17:06,2025-10-07 23:37:11
2277,5147,2025-05-09 03:46:15,14,3,online,2025-05-09 03:46:15,2025-05-11 15:38:13
2278,5211,2025-04-15 04:41:39,13,3,mobile_app,2025-04-15 04:41:39,2025-04-16 14:08:39
2279,5119,2025-04-02 14:18:24,10,3,mobile_app,2025-04-02 14:18:24,2025-04-03 12:57:05
2280,5893,2025-05-04 19:36:22,13,1,walkin,2025-05-04 19:36:22,2025-05-05 19:52:31
2281,5534,2025-12-12 22:10:43,12,1,mobile_app,2025-12-12 22:10:43,2025-12-15 04:28:05
2282,5777,2025-07-31 05:22:57,11,2,online,2025-07-31 05:22:57,2025-08-02 03:54:07
2283,5198,2025-07-21 07:00:05,14,2,phone,2025-07-21 07:00:05,2025-07-22 03:08:47
2284,5688,2025-05-16 16:35:07,11,1,referral,2025-05-16 16:35:07,2025-05-17 12:26:21
2285,5118,2025-04-06 22:12:10,14,3,mobile_app,2025-04-06 22:12:10,2025-04-09 19:59:02
2286,5105,2025-06-20 05:26:26,12,3,referral,2025-06-20 05:26:26,2025-06-21 20:56:46
2287,5278,2025-05-25 23:24:18,12,3,online,2025-05-25 23:24:18,2025-05-28 20:05:32
2288,5176,2025-04-28 16:01:54,14,2,mobile_app,2025-04-28 16:01:54,2025-04-29 14:42:19
2289,5455,2025-04-20 16:48:08,10,2,walkin,2025-04-20 16:48:08,2025-04-21 02:16:26
2290,5109,2025-08-27 23:24:28,10,2,phone,2025-08-27 23:24:28,2025-08-28 03:19:31
2291,5184,2025-12-30 16:04:16,14,3,phone,2025-12-30 16:04:16,2026-01-01 11:28:45
2292,5632,2025-08-17 02:39:31,12,1,mobile_app,2025-08-17 02:39:31,2025-08-18 01:24:35
2293,5081,2025-09-28 20:35:43,11,1,phone,2025-09-28 20:35:43,2025-09-30 13:56:25
2294,5100,2025-09-24 22:21:08,13,2,online,2025-09-24 22:21:08,2025-09-25 20:57:15
2295,5971,2025-06-26 21:54:55,14,2,referral,2025-06-26 21:54:55,2025-06-27 08:22:50
2296,5402,2025-06-11 04:58:28,12,2,phone,2025-06-11 04:58:28,2025-06-13 07:55:07
2297,5500,2025-04-12 18:04:55,13,1,referral,2025-04-12 18:04:55,2025-04-12 22:50:30
2298,5491,2025-09-27 03:05:02,11,2,referral,2025-09-27 03:05:02,2025-09-29 16:40:14
2299,5619,2025-11-10 04:23:22,14,1,phone,2025-11-10 04:23:22,2025-11-10 13:39:57
2300,5838,2026-01-03 09:30:27,10,2,mobile_app,2026-01-03 09:30:27,2026-01-04 23:59:59
2301,5666,2025-04-28 13:03:34,12,3,phone,2025-04-28 13:03:34,2025-04-30 22:45:45
2302,5411,2025-11-16 08:11:38,11,3,online,2025-11-16 08:11:38,2025-11-17 14:17:59
2303,5562,2025-06-01 18:10:35,13,2,walkin,2025-06-01 18:10:35,2025-06-04 17:05:34
2304,5349,2025-06-20 20:55:12,14,2,phone,2025-06-20 20:55:12,2025-06-23 08:11:15
2305,5581,2025-08-11 21:32:34,11,1,walkin,2025-08-11 21:32:34,2025-08-13 13:11:38
2306,5758,2026-01-02 11:28:16,13,1,mobile_app,2026-01-02 11:28:16,2026-01-04 05:16:56
2307,5611,2025-09-27 18:37:09,14,1,phone,2025-09-27 18:37:09,2025-09-28 18:18:44
2308,5181,2025-07-29 15:06:03,13,1,mobile_app,2025-07-29 15:06:03,2025-08-01 12:42:22
2309,5112,2025-12-23 05:24:14,14,2,referral,2025-12-23 05:24:14,2025-12-25 16:40:56
2310,5507,2025-12-07 11:44:03,10,1,online,2025-12-07 11:44:03,2025-12-09 11:48:21
2311,5837,2025-05-24 22:47:52,14,3,walkin,2025-05-24 22:47:52,2025-05-27 15:24:22
2312,5776,2025-05-27 23:34:45,11,2,mobile_app,2025-05-27 23:34:45,2025-05-29 23:42:11
2313,5299,2025-08-30 10:54:06,14,2,online,2025-08-30 10:54:06,2025-09-01 07:43:34
2314,5211,2025-12-21 16:11:48,12,2,mobile_app,2025-12-21 16:11:48,2025-12-24 08:05:19
2315,5814,2025-12-20 21:56:53,13,3,referral,2025-12-20 21:56:53,2025-12-21 20:07:28
2316,5092,2025-11-13 07:24:32,14,3,phone,2025-11-13 07:24:32,2025-11-13 08:00:00
2317,5868,2025-05-20 12:54:18,12,1,referral,2025-05-20 12:54:18,2025-05-23 02:58:57
2318,5923,2025-10-31 03:58:48,10,1,mobile_app,2025-10-31 03:58:48,2025-11-03 02:27:37
2319,5841,2025-08-18 12:24:09,12,1,online,2025-08-18 12:24:09,2025-08-18 20:23:25
2320,5443,2025-12-29 17:10:56,13,3,referral,2025-12-29 17:10:56,2025-12-31 12:09:23
2321,5729,2025-08-27 15:51:28,13,2,mobile_app,2025-08-27 15:51:28,2025-08-28 21:25:27
2322,5217,2025-12-14 06:49:53,13,1,online,2025-12-14 06:49:53,2025-12-14 19:27:31
2323,5569,2025-08-28 08:41:08,12,2,online,2025-08-28 08:41:08,2025-08-30 22:05:41
2324,5296,2025-12-17 05:28:06,11,1,walkin,2025-12-17 05:28:06,2025-12-17 14:36:37
2325,5664,2025-04-07 02:24:26,13,3,phone,2025-04-07 02:24:26,2025-04-07 12:53:33
2326,5999,2025-05-23 17:31:18,11,3,phone,2025-05-23 17:31:18,2025-05-23 23:41:12
2327,5881,2025-09-25 02:29:42,14,2,mobile_app,2025-09-25 02:29:42,2025-09-27 19:33:49
2328,5185,2025-09-24 11:15:44,13,3,phone,2025-09-24 11:15:44,2025-09-26 00:21:24
2329,5394,2025-08-16 23:42:12,11,2,mobile_app,2025-08-16 23:42:12,2025-08-17 16:08:28
2330,5008,2025-11-11 10:46:38,11,3,mobile_app,2025-11-11 10:46:38,2025-11-12 23:03:06
2331,5276,2025-09-07 13:17:09,14,3,referral,2025-09-07 13:17:09,2025-09-10 08:45:22
2332,5035,2025-04-15 16:55:39,13,3,referral,2025-04-15 16:55:39,2025-04-17 10:17:56
2333,5116,2025-11-12 08:29:49,10,1,mobile_app,2025-11-12 08:29:49,2025-11-13 19:33:39
2334,5880,2025-07-18 12:23:11,14,1,mobile_app,2025-07-18 12:23:11,2025-07-19 22:14:31
2335,5912,2025-11-23 22:16:12,11,2,walkin,2025-11-23 22:16:12,2025-11-24 04:42:37
2336,5701,2025-12-03 02:23:49,14,2,mobile_app,2025-12-03 02:23:49,2025-12-04 17:39:36
2337,5055,2025-08-12 10:04:56,10,2,phone,2025-08-12 10:04:56,2025-08-14 01:02:31
2338,5525,2025-09-30 05:33:46,12,2,referral,2025-09-30 05:33:46,2025-10-01 23:21:27
2339,5984,2025-07-24 10:02:17,11,1,mobile_app,2025-07-24 10:02:17,2025-07-25 07:05:51
2340,5768,2025-07-28 02:08:44,14,2,walkin,2025-07-28 02:08:44,2025-07-30 07:04:55
2341,5645,2025-10-01 18:10:32,11,3,walkin,2025-10-01 18:10:32,2025-10-03 12:16:28
2342,5673,2025-07-23 07:20:13,14,1,referral,2025-07-23 07:20:13,2025-07-25 18:14:20
2343,5497,2025-05-03 01:03:01,14,1,referral,2025-05-03 01:03:01,2025-05-03 10:17:06
2344,5259,2025-05-22 11:21:02,12,2,referral,2025-05-22 11:21:02,2025-05-24 08:11:29
2345,5015,2025-05-14 07:42:56,11,3,online,2025-05-14 07:42:56,2025-05-16 03:41:04
2346,5675,2025-09-21 11:06:33,11,2,online,2025-09-21 11:06:33,2025-09-22 14:02:05
2347,5497,2025-06-10 05:15:49,14,1,referral,2025-06-10 05:15:49,2025-06-12 15:28:19
2348,5087,2025-05-27 08:09:09,11,2,phone,2025-05-27 08:09:09,2025-05-29 03:31:07
2349,5789,2025-08-27 19:22:30,13,3,online,2025-08-27 19:22:30,2025-08-28 12:42:06
2350,5216,2025-11-11 09:05:21,12,1,referral,2025-11-11 09:05:21,2025-11-13 14:33:49
2351,5774,2025-05-16 01:08:45,11,2,phone,2025-05-16 01:08:45,2025-05-16 04:58:13
2352,5488,2025-07-27 00:56:42,14,1,phone,2025-07-27 00:56:42,2025-07-28 11:37:32
2353,5700,2025-12-31 00:44:29,13,2,online,2025-12-31 00:44:29,2026-01-01 05:08:43
2354,5544,2025-09-16 20:01:03,12,2,phone,2025-09-16 20:01:03,2025-09-16 20:52:52
2355,5695,2025-08-01 14:25:52,14,3,walkin,2025-08-01 14:25:52,2025-08-04 12:27:52
2356,5100,2025-10-24 08:00:46,12,2,mobile_app,2025-10-24 08:00:46,2025-10-26 06:25:42
2357,5941,2025-12-10 05:41:41,12,2,referral,2025-12-10 05:41:41,2025-12-12 20:11:53
2358,5274,2025-05-09 04:00:21,14,2,phone,2025-05-09 04:00:21,2025-05-09 22:35:57
2359,5792,2025-12-19 06:10:09,11,3,mobile_app,2025-12-19 06:10:09,2025-12-21 12:42:58
2360,5789,2025-06-15 16:50:20,12,3,online,2025-06-15 16:50:20,2025-06-17 06:42:02
2361,5321,2025-10-30 16:07:08,10,1,walkin,2025-10-30 16:07:08,2025-10-30 16:53:20
2362,5422,2025-05-08 22:37:06,10,3,phone,2025-05-08 22:37:06,2025-05-10 12:52:00
2363,5360,2025-06-25 05:06:30,12,2,online,2025-06-25 05:06:30,2025-06-27 09:55:10
2364,5035,2025-04-10 04:54:15,10,1,mobile_app,2025-04-10 04:54:15,2025-04-12 02:00:26
2365,5673,2025-06-24 04:57:10,14,3,walkin,2025-06-24 04:57:10,2025-06-27 02:09:54
2366,5726,2025-05-17 14:16:03,14,1,phone,2025-05-17 14:16:03,2025-05-17 20:33:28
2367,5673,2025-12-08 14:55:12,11,1,online,2025-12-08 14:55:12,2025-12-10 08:08:23
2368,5260,2025-07-24 09:34:42,10,3,phone,2025-07-24 09:34:42,2025-07-25 19:34:51
2369,5945,2025-07-17 08:04:53,13,3,referral,2025-07-17 08:04:53,2025-07-19 16:06:15
2370,5264,2025-06-02 21:37:58,10,2,walkin,2025-06-02 21:37:58,2025-06-05 06:29:02
2371,5392,2025-08-29 21:55:31,10,2,referral,2025-08-29 21:55:31,2025-08-30 22:08:54
2372,5183,2025-09-19 02:27:18,13,1,mobile_app,2025-09-19 02:27:18,2025-09-19 07:30:30
2373,5403,2025-06-09 07:12:05,13,1,online,2025-06-09 07:12:05,2025-06-11 06:12:14
2374,5554,2025-09-15 11:34:28,14,3,walkin,2025-09-15 11:34:28,2025-09-16 03:28:36
2375,5935,2025-09-19 11:50:23,12,1,walkin,2025-09-19 11:50:23,2025-09-21 15:56:00
2376,5075,2025-04-28 08:17:25,12,2,walkin,2025-04-28 08:17:25,2025-04-30 01:53:39
2377,5919,2025-10-11 06:54:47,10,1,phone,2025-10-11 06:54:47,2025-10-11 17:45:08
2378,5273,2025-05-29 21:05:02,12,2,mobile_app,2025-05-29 21:05:02,2025-06-01 00:03:37
2379,5004,2025-10-18 03:43:03,13,2,phone,2025-10-18 03:43:03,2025-10-20 07:14:37
2380,5414,2025-04-28 05:22:35,11,1,phone,2025-04-28 05:22:35,2025-04-29 20:42:26
2381,5978,2025-12-24 16:22:51,13,1,mobile_app,2025-12-24 16:22:51,2025-12-27 03:56:38
2382,5549,2025-08-18 09:21:40,12,2,walkin,2025-08-18 09:21:40,2025-08-19 09:38:29
2383,5648,2025-12-08 07:10:14,12,3,referral,2025-12-08 07:10:14,2025-12-08 13:46:21
2384,5083,2025-09-26 12:08:57,12,3,online,2025-09-26 12:08:57,2025-09-28 19:31:25
2385,5181,2025-11-02 08:05:09,13,3,online,2025-11-02 08:05:09,2025-11-02 10:56:59
2386,5307,2025-12-27 06:05:34,10,3,referral,2025-12-27 06:05:34,2025-12-28 10:29:57
2387,5499,2025-05-03 22:58:32,13,3,online,2025-05-03 22:58:32,2025-05-06 15:26:05
2388,5144,2025-04-14 20:43:55,10,3,mobile_app,2025-04-14 20:43:55,2025-04-15 10:47:33
2389,5245,2025-10-07 23:58:40,10,3,referral,2025-10-07 23:58:40,2025-10-09 04:17:13
2390,5512,2025-10-25 08:40:54,13,1,walkin,2025-10-25 08:40:54,2025-10-28 06:56:50
2391,5348,2025-04-22 18:27:55,10,2,walkin,2025-04-22 18:27:55,2025-04-23 19:03:25
2392,5217,2025-12-10 22:19:23,14,2,mobile_app,2025-12-10 22:19:23,2025-12-12 22:54:55
2393,5153,2025-11-11 23:53:36,10,1,online,2025-11-11 23:53:36,2025-11-12 16:51:31
2394,5501,2025-12-10 22:09:05,13,3,walkin,2025-12-10 22:09:05,2025-12-10 23:32:22
2395,5249,2025-12-29 08:33:36,11,1,online,2025-12-29 08:33:36,2025-12-31 07:48:11
2396,5648,2025-04-20 09:38:32,12,1,phone,2025-04-20 09:38:32,2025-04-23 03:31:03
2397,5626,2025-06-06 06:56:25,14,1,walkin,2025-06-06 06:56:25,2025-06-08 19:46:07
2398,5117,2025-10-11 01:42:47,14,1,walkin,2025-10-11 01:42:47,2025-10-12 21:02:16
2399,5824,2025-06-18 16:45:08,12,3,phone,2025-06-18 16:45:08,2025-06-19 23:47:16
2400,5333,2025-05-17 21:57:37,14,3,online,2025-05-17 21:57:37,2025-05-20 21:01:11
2401,5330,2025-06-22 19:27:53,10,3,online,2025-06-22 19:27:53,2025-06-25 03:06:50
2402,5344,2025-04-25 13:16:14,12,1,phone,2025-04-25 13:16:14,2025-04-25 22:03:46
2403,5173,2025-12-27 09:56:49,14,1,phone,2025-12-27 09:56:49,2025-12-28 12:53:03
2404,5250,2025-11-13 00:30:03,11,1,mobile_app,2025-11-13 00:30:03,2025-11-13 03:27:51
2405,5386,2025-06-01 06:22:14,13,1,walkin,2025-06-01 06:22:14,2025-06-01 07:30:31
2406,5008,2025-06-09 16:14:56,10,3,mobile_app,2025-06-09 16:14:56,2025-06-12 11:41:17
2407,5909,2025-07-20 04:34:10,13,3,online,2025-07-20 04:34:10,2025-07-21 10:52:40
2408,5212,2025-05-26 13:40:31,12,3,phone,2025-05-26 13:40:31,2025-05-28 12:15:57
2409,5422,2025-07-02 22:00:23,11,3,walkin,2025-07-02 22:00:23,2025-07-05 18:18:57
2410,5611,2025-06-09 21:43:33,13,3,walkin,2025-06-09 21:43:33,2025-06-12 01:57:02
2411,5643,2025-07-26 23:23:07,13,1,mobile_app,2025-07-26 23:23:07,2025-07-28 00:42:54
2412,5242,2025-06-14 12:39:51,14,1,mobile_app,2025-06-14 12:39:51,2025-06-14 21:13:14
2413,5371,2025-10-27 14:34:52,11,2,online,2025-10-27 14:34:52,2025-10-29 03:32:20
2414,5284,2025-04-21 14:38:20,10,1,phone,2025-04-21 14:38:20,2025-04-22 04:44:42
2415,5510,2025-06-08 11:27:25,10,1,referral,2025-06-08 11:27:25,2025-06-08 23:05:25
2416,5292,2025-06-21 09:31:05,12,2,mobile_app,2025-06-21 09:31:05,2025-06-22 17:10:11
2417,5825,2025-09-23 23:38:31,10,3,walkin,2025-09-23 23:38:31,2025-09-24 02:47:46
2418,5948,2025-10-26 16:33:51,11,1,phone,2025-10-26 16:33:51,2025-10-27 05:22:18
2419,5528,2025-05-16 01:48:18,11,3,phone,2025-05-16 01:48:18,2025-05-16 06:57:53
2420,5607,2025-11-12 03:46:17,13,1,referral,2025-11-12 03:46:17,2025-11-13 03:30:28
2421,5236,2025-05-13 18:30:45,11,1,online,2025-05-13 18:30:45,2025-05-14 18:15:38
2422,5756,2025-09-08 05:40:06,11,2,online,2025-09-08 05:40:06,2025-09-10 21:00:41
2423,5076,2025-09-30 21:56:50,13,1,phone,2025-09-30 21:56:50,2025-10-02 16:33:08
2424,5149,2025-06-23 22:48:19,14,2,online,2025-06-23 22:48:19,2025-06-26 18:22:19
2425,5397,2025-08-24 01:07:59,13,3,online,2025-08-24 01:07:59,2025-08-24 11:03:56
2426,5648,2025-08-18 06:18:09,12,1,referral,2025-08-18 06:18:09,2025-08-21 05:20:25
2427,5131,2025-04-13 11:08:35,14,1,referral,2025-04-13 11:08:35,2025-04-15 13:32:53
2428,5140,2025-05-14 03:36:48,13,2,phone,2025-05-14 03:36:48,2025-05-16 17:37:43
2429,5176,2025-08-12 10:21:37,12,3,online,2025-08-12 10:21:37,2025-08-13 02:22:10
2430,5809,2025-12-04 18:35:01,14,1,mobile_app,2025-12-04 18:35:01,2025-12-07 15:57:41
2431,5994,2025-11-01 16:03:21,11,1,phone,2025-11-01 16:03:21,2025-11-04 06:18:55
2432,5878,2025-10-20 15:14:15,11,3,phone,2025-10-20 15:14:15,2025-10-22 02:51:39
2433,5858,2025-09-27 17:15:46,10,3,phone,2025-09-27 17:15:46,2025-09-28 13:35:28
2434,5754,2025-07-05 18:59:00,12,2,mobile_app,2025-07-05 18:59:00,2025-07-06 13:01:47
2435,5228,2025-11-16 19:42:40,11,3,walkin,2025-11-16 19:42:40,2025-11-19 16:36:54
2436,5428,2025-04-18 04:11:57,13,3,mobile_app,2025-04-18 04:11:57,2025-04-18 07:06:58
2437,5035,2025-09-13 07:47:22,13,2,walkin,2025-09-13 07:47:22,2025-09-14 22:27:52
2438,5464,2025-10-10 08:23:28,10,3,walkin,2025-10-10 08:23:28,2025-10-11 01:54:16
2439,5710,2025-09-05 21:57:18,11,1,referral,2025-09-05 21:57:18,2025-09-08 19:07:37
2440,5303,2025-07-02 20:13:22,10,1,phone,2025-07-02 20:13:22,2025-07-04 19:22:56
2441,5686,2025-07-28 09:16:59,13,3,mobile_app,2025-07-28 09:16:59,2025-07-28 21:03:54
2442,5025,2025-09-24 15:25:24,11,3,phone,2025-09-24 15:25:24,2025-09-26 01:11:36
2443,5190,2025-08-22 20:34:08,13,3,walkin,2025-08-22 20:34:08,2025-08-24 18:12:42
2444,5882,2025-11-30 14:54:23,13,3,referral,2025-11-30 14:54:23,2025-11-30 20:03:16
2445,5544,2025-04-13 16:55:05,13,2,mobile_app,2025-04-13 16:55:05,2025-04-14 14:30:54
2446,5556,2025-11-10 09:31:34,11,3,walkin,2025-11-10 09:31:34,2025-11-12 19:22:41
2447,5636,2025-08-09 08:54:04,10,3,referral,2025-08-09 08:54:04,2025-08-11 14:28:39
2448,5910,2025-04-21 00:35:53,13,2,phone,2025-04-21 00:35:53,2025-04-21 08:40:42
2449,5634,2025-04-16 20:58:35,12,1,mobile_app,2025-04-16 20:58:35,2025-04-17 23:35:47
2450,5722,2025-04-27 00:32:25,11,1,referral,2025-04-27 00:32:25,2025-04-28 17:22:24
2451,5245,2025-10-27 13:45:06,13,3,mobile_app,2025-10-27 13:45:06,2025-10-27 22:01:14
2452,5893,2025-12-29 22:58:38,11,2,referral,2025-12-29 22:58:38,2025-12-30 14:15:14
2453,5920,2025-07-13 19:57:20,13,2,walkin,2025-07-13 19:57:20,2025-07-15 08:37:26
2454,5065,2025-08-23 18:52:34,13,2,mobile_app,2025-08-23 18:52:34,2025-08-24 20:00:53
2455,5540,2025-05-18 15:44:05,14,3,mobile_app,2025-05-18 15:44:05,2025-05-20 01:58:15
2456,5922,2025-07-23 12:06:04,14,2,walkin,2025-07-23 12:06:04,2025-07-24 21:00:47
2457,5193,2025-09-25 19:41:46,10,2,online,2025-09-25 19:41:46,2025-09-26 02:03:13
2458,5296,2025-04-30 21:12:03,11,2,walkin,2025-04-30 21:12:03,2025-05-01 05:09:52
2459,5714,2025-05-28 11:01:53,11,1,mobile_app,2025-05-28 11:01:53,2025-05-29 23:10:22
2460,5975,2025-11-30 14:38:16,12,2,mobile_app,2025-11-30 14:38:16,2025-11-30 16:17:24
2461,5955,2025-05-22 06:35:03,12,2,phone,2025-05-22 06:35:03,2025-05-23 17:05:34
2462,5756,2025-12-07 08:53:40,12,1,walkin,2025-12-07 08:53:40,2025-12-07 10:27:31
2463,5023,2025-06-30 05:27:16,14,3,referral,2025-06-30 05:27:16,2025-07-02 18:15:12
2464,5422,2025-11-11 17:55:04,12,2,mobile_app,2025-11-11 17:55:04,2025-11-12 18:52:44
2465,5682,2025-12-27 15:14:21,14,2,phone,2025-12-27 15:14:21,2025-12-29 05:50:40
2466,5312,2025-11-07 07:10:07,12,1,referral,2025-11-07 07:10:07,2025-11-07 16:46:38
2467,5233,2025-10-06 01:28:22,12,1,online,2025-10-06 01:28:22,2025-10-07 04:33:13
2468,5362,2025-07-20 10:37:57,11,3,online,2025-07-20 10:37:57,2025-07-21 19:49:55
2469,5729,2025-10-25 21:30:47,11,1,online,2025-10-25 21:30:47,2025-10-26 18:17:02
2470,5166,2025-07-02 09:26:18,10,2,mobile_app,2025-07-02 09:26:18,2025-07-02 17:57:07
2471,5130,2025-09-19 05:22:47,12,1,online,2025-09-19 05:22:47,2025-09-20 00:20:31
2472,5576,2025-12-31 14:58:12,12,2,online,2025-12-31 14:58:12,2025-12-31 17:29:45
2473,5382,2025-09-22 03:39:43,11,3,referral,2025-09-22 03:39:43,2025-09-23 18:58:25
2474,5125,2025-04-10 16:19:11,13,1,phone,2025-04-10 16:19:11,2025-04-11 21:46:44
2475,5951,2025-08-03 08:38:50,10,3,mobile_app,2025-08-03 08:38:50,2025-08-03 20:00:38
2476,6000,2025-10-15 01:23:41,12,2,referral,2025-10-15 01:23:41,2025-10-16 01:31:04
2477,5993,2025-11-09 19:31:43,11,3,phone,2025-11-09 19:31:43,2025-11-11 20:05:23
2478,5347,2025-12-24 15:18:55,13,1,online,2025-12-24 15:18:55,2025-12-24 23:29:37
2479,5695,2025-10-31 23:19:09,12,1,phone,2025-10-31 23:19:09,2025-11-01 07:49:47
2480,5633,2025-06-25 13:56:55,12,1,referral,2025-06-25 13:56:55,2025-06-26 22:25:24
2481,5057,2025-11-23 04:22:48,11,3,mobile_app,2025-11-23 04:22:48,2025-11-25 03:04:44
2482,5228,2025-07-17 22:28:08,10,1,mobile_app,2025-07-17 22:28:08,2025-07-18 12:43:13
2483,5870,2025-09-20 23:58:12,10,3,phone,2025-09-20 23:58:12,2025-09-23 01:16:20
2484,5200,2025-10-08 11:28:06,14,3,mobile_app,2025-10-08 11:28:06,2025-10-09 10:36:24
2485,5967,2025-04-22 18:24:05,12,2,online,2025-04-22 18:24:05,2025-04-25 12:33:08
2486,5734,2025-09-14 01:53:53,13,2,walkin,2025-09-14 01:53:53,2025-09-15 04:48:49
2487,5292,2025-08-12 22:53:21,12,2,mobile_app,2025-08-12 22:53:21,2025-08-14 00:28:26
2488,5090,2025-06-23 18:25:28,13,3,phone,2025-06-23 18:25:28,2025-06-25 23:25:30
2489,5823,2025-09-19 20:26:22,11,3,phone,2025-09-19 20:26:22,2025-09-20 17:27:25
2490,5747,2025-09-08 20:33:57,14,3,walkin,2025-09-08 20:33:57,2025-09-09 06:43:43
2491,5148,2025-06-20 16:41:07,13,3,referral,2025-06-20 16:41:07,2025-06-21 14:45:57
2492,5068,2025-11-16 09:31:34,13,1,walkin,2025-11-16 09:31:34,2025-11-18 16:35:04
2493,5420,2025-12-05 02:06:12,12,2,online,2025-12-05 02:06:12,2025-12-07 20:41:19
2494,5570,2025-09-27 11:16:12,14,1,online,2025-09-27 11:16:12,2025-09-29 14:59:18
2495,5191,2025-08-27 06:20:59,14,2,walkin,2025-08-27 06:20:59,2025-08-28 03:25:40
2496,5843,2025-07-27 06:46:40,14,2,phone,2025-07-27 06:46:40,2025-07-29 19:33:01
2497,5573,2025-09-27 23:41:03,10,1,online,2025-09-27 23:41:03,2025-09-28 16:01:59
2498,5269,2025-07-26 13:46:53,13,1,referral,2025-07-26 13:46:53,2025-07-29 11:23:49
2499,5428,2025-06-09 15:52:15,11,1,walkin,2025-06-09 15:52:15,2025-06-11 03:41:20
2500,5784,2025-07-17 15:51:00,10,3,referral,2025-07-17 15:51:00,2025-07-19 03:45:10
2501,5596,2025-10-04 14:27:11,13,2,phone,2025-10-04 14:27:11,2025-10-06 07:38:12
2502,5998,2025-12-26 14:49:59,10,2,mobile_app,2025-12-26 14:49:59,2025-12-29 02:25:06
2503,5751,2025-11-10 09:50:46,12,1,mobile_app,2025-11-10 09:50:46,2025-11-10 11:07:25
2504,5060,2025-05-27 18:05:48,13,3,online,2025-05-27 18:05:48,2025-05-28 17:22:30
2505,5366,2025-06-03 10:08:55,12,2,phone,2025-06-03 10:08:55,2025-06-03 13:59:59
2506,5652,2025-08-17 06:00:51,12,2,mobile_app,2025-08-17 06:00:51,2025-08-17 09:33:41
2507,5655,2025-04-30 20:04:35,11,3,online,2025-04-30 20:04:35,2025-05-02 09:29:42
2508,5784,2025-05-07 16:53:04,11,3,referral,2025-05-07 16:53:04,2025-05-09 12:29:05
2509,5894,2025-08-01 19:17:41,12,2,referral,2025-08-01 19:17:41,2025-08-04 07:30:07
2510,5099,2025-10-25 13:09:30,12,1,walkin,2025-10-25 13:09:30,2025-10-27 07:23:45
2511,5141,2025-10-19 05:42:05,12,2,phone,2025-10-19 05:42:05,2025-10-20 02:11:36
2512,5349,2025-06-03 07:32:30,11,1,mobile_app,2025-06-03 07:32:30,2025-06-03 14:59:58
2513,5227,2025-06-13 04:10:18,14,3,mobile_app,2025-06-13 04:10:18,2025-06-15 14:04:10
2514,5867,2025-10-24 15:29:27,14,3,walkin,2025-10-24 15:29:27,2025-10-26 19:22:36
2515,5428,2025-09-26 20:05:25,10,1,online,2025-09-26 20:05:25,2025-09-29 14:47:37
2516,5946,2025-04-07 17:59:15,12,2,referral,2025-04-07 17:59:15,2025-04-09 04:54:17
2517,5143,2025-09-19 15:09:35,14,3,referral,2025-09-19 15:09:35,2025-09-22 07:56:51
2518,5177,2026-01-01 16:41:59,10,3,walkin,2026-01-01 16:41:59,2026-01-02 14:53:10
2519,5228,2025-05-20 23:42:21,11,3,online,2025-05-20 23:42:21,2025-05-23 14:05:49
2520,5315,2025-05-19 16:17:32,11,1,phone,2025-05-19 16:17:32,2025-05-20 07:34:20
2521,5708,2025-05-14 09:19:34,10,2,phone,2025-05-14 09:19:34,2025-05-14 14:59:11
2522,5044,2025-06-16 06:07:26,10,3,mobile_app,2025-06-16 06:07:26,2025-06-16 13:58:29
2523,5608,2025-04-24 00:23:31,10,2,walkin,2025-04-24 00:23:31,2025-04-25 10:32:58
2524,5068,2025-07-27 03:32:33,10,1,walkin,2025-07-27 03:32:33,2025-07-29 04:09:16
2525,5943,2025-11-20 17:06:27,14,1,online,2025-11-20 17:06:27,2025-11-21 08:03:51
2526,5687,2025-08-15 12:31:52,10,1,referral,2025-08-15 12:31:52,2025-08-15 14:39:42
2527,5972,2025-11-12 03:40:27,12,1,mobile_app,2025-11-12 03:40:27,2025-11-13 05:00:10
2528,5800,2025-11-25 01:10:04,14,3,walkin,2025-11-25 01:10:04,2025-11-25 18:46:36
2529,5102,2025-11-11 12:35:47,10,3,online,2025-11-11 12:35:47,2025-11-13 20:10:26
2530,5733,2025-06-14 09:21:08,12,1,mobile_app,2025-06-14 09:21:08,2025-06-17 07:34:03
2531,5005,2025-05-09 07:49:03,11,3,phone,2025-05-09 07:49:03,2025-05-12 03:07:04
2532,5376,2025-12-28 03:04:13,11,2,walkin,2025-12-28 03:04:13,2025-12-29 21:59:15
2533,5186,2025-08-16 19:11:02,13,2,online,2025-08-16 19:11:02,2025-08-19 18:38:24
2534,5527,2025-06-28 08:57:32,10,2,walkin,2025-06-28 08:57:32,2025-06-29 14:38:16
2535,5478,2025-05-13 20:13:16,11,2,referral,2025-05-13 20:13:16,2025-05-15 10:03:59
2536,5722,2025-07-21 22:52:58,10,1,referral,2025-07-21 22:52:58,2025-07-23 15:27:06
2537,5506,2025-05-15 22:36:46,12,2,mobile_app,2025-05-15 22:36:46,2025-05-17 02:37:54
2538,5754,2025-07-31 04:06:54,13,1,mobile_app,2025-07-31 04:06:54,2025-08-02 06:08:39
2539,5418,2025-07-22 20:29:19,13,1,walkin,2025-07-22 20:29:19,2025-07-25 20:12:40
2540,5917,2025-10-02 17:37:44,12,1,walkin,2025-10-02 17:37:44,2025-10-05 14:00:38
2541,5691,2025-10-08 22:29:41,10,2,phone,2025-10-08 22:29:41,2025-10-10 23:26:06
2542,5536,2025-12-12 18:06:52,10,1,online,2025-12-12 18:06:52,2025-12-14 19:22:37
2543,5405,2025-09-03 14:05:20,14,1,online,2025-09-03 14:05:20,2025-09-05 16:41:59
2544,5067,2025-08-20 06:01:22,11,2,online,2025-08-20 06:01:22,2025-08-23 05:02:06
2545,5610,2025-09-05 00:14:48,11,2,phone,2025-09-05 00:14:48,2025-09-05 09:11:09
2546,5286,2026-01-03 02:14:39,14,3,referral,2026-01-03 02:14:39,2026-01-04 23:59:59
2547,5775,2025-12-07 00:56:29,13,2,phone,2025-12-07 00:56:29,2025-12-09 21:37:29
2548,5683,2025-11-21 05:54:33,13,2,mobile_app,2025-11-21 05:54:33,2025-11-24 03:05:46
2549,5286,2025-05-28 05:37:34,13,1,walkin,2025-05-28 05:37:34,2025-05-30 13:33:00
2550,5257,2025-10-08 00:59:32,11,3,online,2025-10-08 00:59:32,2025-10-09 13:12:09
2551,5031,2025-05-09 16:22:15,10,1,phone,2025-05-09 16:22:15,2025-05-11 22:05:44
2552,5695,2025-04-11 09:19:03,11,2,mobile_app,2025-04-11 09:19:03,2025-04-14 08:06:05
2553,5696,2025-08-05 23:26:59,12,3,mobile_app,2025-08-05 23:26:59,2025-08-06 10:34:17
2554,5099,2025-04-30 17:11:33,14,2,phone,2025-04-30 17:11:33,2025-05-02 17:19:51
2555,5207,2025-07-24 00:12:17,13,2,mobile_app,2025-07-24 00:12:17,2025-07-26 00:25:00
2556,5268,2025-10-28 15:53:22,14,3,walkin,2025-10-28 15:53:22,2025-10-29 16:54:38
2557,5976,2025-04-13 06:31:10,10,2,phone,2025-04-13 06:31:10,2025-04-14 13:51:38
2558,5323,2025-08-25 03:42:39,13,1,walkin,2025-08-25 03:42:39,2025-08-26 11:56:12
2559,5182,2025-11-03 04:30:29,12,3,online,2025-11-03 04:30:29,2025-11-05 04:31:29
2560,5504,2025-09-15 06:14:20,12,3,phone,2025-09-15 06:14:20,2025-09-15 16:01:55
2561,5500,2025-05-13 11:30:50,13,3,mobile_app,2025-05-13 11:30:50,2025-05-15 04:56:11
2562,5702,2025-10-27 11:30:05,13,2,mobile_app,2025-10-27 11:30:05,2025-10-29 05:10:06
2563,5875,2025-05-31 16:55:25,10,2,referral,2025-05-31 16:55:25,2025-06-02 05:49:09
2564,5507,2025-11-16 12:56:23,13,3,referral,2025-11-16 12:56:23,2025-11-19 11:38:10
2565,5785,2025-07-20 11:09:00,10,1,mobile_app,2025-07-20 11:09:00,2025-07-21 10:29:12
2566,5047,2025-05-20 18:53:33,12,2,mobile_app,2025-05-20 18:53:33,2025-05-23 07:50:10
2567,5028,2025-11-29 18:50:53,13,1,phone,2025-11-29 18:50:53,2025-11-30 19:41:51
2568,5354,2025-08-17 18:53:35,12,1,online,2025-08-17 18:53:35,2025-08-19 00:53:19
2569,5254,2025-07-01 02:50:10,12,3,walkin,2025-07-01 02:50:10,2025-07-03 02:01:41
2570,5933,2025-12-24 04:32:36,12,1,referral,2025-12-24 04:32:36,2025-12-24 09:18:46
2571,5174,2025-04-08 15:43:44,12,1,phone,2025-04-08 15:43:44,2025-04-10 06:56:06
2572,5674,2025-09-12 01:44:02,14,2,referral,2025-09-12 01:44:02,2025-09-13 19:05:52
2573,5021,2025-12-27 06:48:11,14,1,referral,2025-12-27 06:48:11,2025-12-28 17:00:20
2574,5387,2025-11-08 12:04:49,12,3,walkin,2025-11-08 12:04:49,2025-11-09 16:30:04
2575,5828,2025-10-07 15:49:56,11,2,phone,2025-10-07 15:49:56,2025-10-07 23:07:05
2576,5515,2025-12-16 04:30:10,11,3,referral,2025-12-16 04:30:10,2025-12-17 05:13:38
2577,5373,2025-09-17 07:43:54,13,3,walkin,2025-09-17 07:43:54,2025-09-17 22:25:23
2578,5861,2025-10-26 02:20:06,12,2,walkin,2025-10-26 02:20:06,2025-10-26 17:55:25
2579,5305,2025-11-09 17:36:01,11,3,walkin,2025-11-09 17:36:01,2025-11-10 22:52:30
2580,5735,2025-11-11 13:09:06,14,2,referral,2025-11-11 13:09:06,2025-11-11 20:02:59
2581,5069,2025-11-06 23:29:39,14,2,phone,2025-11-06 23:29:39,2025-11-09 09:50:05
2582,5215,2025-08-13 21:13:27,10,3,referral,2025-08-13 21:13:27,2025-08-16 07:09:42
2583,5517,2025-07-26 11:21:16,14,2,online,2025-07-26 11:21:16,2025-07-27 18:52:40
2584,5425,2025-09-04 05:43:00,14,3,phone,2025-09-04 05:43:00,2025-09-05 00:00:47
2585,5688,2025-10-30 15:39:08,10,3,mobile_app,2025-10-30 15:39:08,2025-10-31 04:48:11
2586,5884,2025-06-12 10:40:08,13,1,phone,2025-06-12 10:40:08,2025-06-14 04:40:24
2587,5275,2025-12-04 17:54:16,14,2,mobile_app,2025-12-04 17:54:16,2025-12-06 08:41:45
2588,5745,2025-11-30 09:48:44,14,1,referral,2025-11-30 09:48:44,2025-11-30 14:10:21
2589,5474,2025-05-28 09:04:15,11,3,referral,2025-05-28 09:04:15,2025-05-29 02:34:27
2590,5865,2025-09-17 02:07:03,12,1,online,2025-09-17 02:07:03,2025-09-18 07:59:30
2591,5867,2025-09-08 04:12:15,12,3,online,2025-09-08 04:12:15,2025-09-08 23:38:30
2592,5263,2025-12-23 17:57:06,11,2,online,2025-12-23 17:57:06,2025-12-25 13:43:55
2593,5117,2025-05-29 05:44:58,10,1,referral,2025-05-29 05:44:58,2025-05-29 19:43:27
2594,5476,2025-10-06 12:05:29,13,2,walkin,2025-10-06 12:05:29,2025-10-08 04:51:23
2595,5207,2025-06-01 21:19:43,11,1,referral,2025-06-01 21:19:43,2025-06-02 17:11:12
2596,5809,2025-07-17 21:01:21,14,1,walkin,2025-07-17 21:01:21,2025-07-19 20:59:07
2597,5987,2025-10-06 16:22:31,10,1,walkin,2025-10-06 16:22:31,2025-10-09 01:20:08
2598,5322,2025-11-20 15:18:57,10,2,referral,2025-11-20 15:18:57,2025-11-21 13:00:50
2599,5688,2025-12-12 07:41:50,10,2,online,2025-12-12 07:41:50,2025-12-15 00:11:36
2600,5242,2025-05-14 11:17:06,14,1,mobile_app,2025-05-14 11:17:06,2025-05-16 04:51:43
2601,5681,2025-11-12 09:54:14,14,2,phone,2025-11-12 09:54:14,2025-11-15 07:03:25
2602,5906,2025-05-06 01:10:46,14,1,referral,2025-05-06 01:10:46,2025-05-06 18:30:56
2603,5338,2025-11-13 22:18:54,13,3,online,2025-11-13 22:18:54,2025-11-16 03:59:56
2604,5958,2025-09-12 05:25:29,11,1,online,2025-09-12 05:25:29,2025-09-12 21:17:58
2605,5220,2025-07-16 14:57:59,13,2,mobile_app,2025-07-16 14:57:59,2025-07-17 22:58:04
2606,5058,2025-10-08 10:28:23,12,3,walkin,2025-10-08 10:28:23,2025-10-10 01:19:08
2607,5325,2025-10-29 22:42:44,13,3,online,2025-10-29 22:42:44,2025-10-31 05:34:15
2608,5987,2025-07-17 20:39:58,11,2,phone,2025-07-17 20:39:58,2025-07-20 12:42:16
2609,5733,2025-08-21 19:34:42,12,1,mobile_app,2025-08-21 19:34:42,2025-08-24 07:23:18
2610,5036,2025-12-14 04:22:11,10,3,online,2025-12-14 04:22:11,2025-12-16 14:32:48
2611,5260,2025-11-01 15:47:50,12,3,referral,2025-11-01 15:47:50,2025-11-02 19:48:34
2612,5925,2025-12-23 02:58:38,14,1,phone,2025-12-23 02:58:38,2025-12-23 11:51:53
2613,5398,2025-04-04 01:19:02,13,2,referral,2025-04-04 01:19:02,2025-04-06 19:33:57
2614,5093,2025-07-01 10:39:01,11,1,phone,2025-07-01 10:39:01,2025-07-02 08:18:28
2615,5647,2025-08-02 04:22:20,13,1,referral,2025-08-02 04:22:20,2025-08-04 20:24:47
2616,5888,2025-05-02 02:32:07,13,2,phone,2025-05-02 02:32:07,2025-05-04 14:28:43
2617,5949,2025-08-08 05:11:44,13,1,online,2025-08-08 05:11:44,2025-08-10 09:26:02
2618,5716,2025-07-11 08:25:02,10,2,phone,2025-07-11 08:25:02,2025-07-12 21:17:14
2619,5617,2025-10-30 17:11:32,12,2,walkin,2025-10-30 17:11:32,2025-11-01 22:54:58
2620,5781,2025-04-21 05:35:46,11,3,phone,2025-04-21 05:35:46,2025-04-23 04:17:58
2621,5811,2025-12-05 23:28:26,10,2,online,2025-12-05 23:28:26,2025-12-06 09:23:01
2622,5644,2025-07-28 15:54:34,14,1,walkin,2025-07-28 15:54:34,2025-07-29 14:45:14
2623,5162,2025-07-06 22:28:25,11,3,phone,2025-07-06 22:28:25,2025-07-08 12:04:27
2624,5812,2025-08-03 01:00:56,13,3,online,2025-08-03 01:00:56,2025-08-04 09:53:31
2625,5267,2025-06-07 08:56:30,14,2,referral,2025-06-07 08:56:30,2025-06-09 11:00:05
2626,5204,2025-05-03 18:39:18,12,1,phone,2025-05-03 18:39:18,2025-05-05 00:50:15
2627,5898,2025-08-25 12:52:39,14,1,walkin,2025-08-25 12:52:39,2025-08-28 09:40:21
2628,5971,2025-04-09 22:05:48,14,3,mobile_app,2025-04-09 22:05:48,2025-04-12 17:18:56
2629,5642,2025-06-28 19:42:21,10,2,online,2025-06-28 19:42:21,2025-07-01 13:44:24
2630,5269,2025-12-29 08:13:39,11,1,phone,2025-12-29 08:13:39,2025-12-31 22:15:21
2631,5633,2025-09-14 13:40:08,12,1,walkin,2025-09-14 13:40:08,2025-09-16 09:23:17
2632,5982,2025-08-21 21:15:51,14,1,walkin,2025-08-21 21:15:51,2025-08-22 09:39:07
2633,5736,2025-10-22 05:09:45,13,3,phone,2025-10-22 05:09:45,2025-10-23 12:50:59
2634,5122,2025-06-27 04:20:31,11,1,referral,2025-06-27 04:20:31,2025-06-29 08:18:07
2635,5295,2025-10-09 21:58:51,11,2,online,2025-10-09 21:58:51,2025-10-11 01:48:09
2636,5615,2025-06-23 17:13:34,12,3,online,2025-06-23 17:13:34,2025-06-26 05:14:03
2637,5429,2025-06-10 01:10:08,11,1,referral,2025-06-10 01:10:08,2025-06-11 06:55:00
2638,6000,2025-07-11 16:08:52,14,2,online,2025-07-11 16:08:52,2025-07-12 09:17:43
2639,5379,2025-11-13 09:03:01,13,1,walkin,2025-11-13 09:03:01,2025-11-15 10:52:37
2640,5481,2025-05-22 17:33:35,12,3,phone,2025-05-22 17:33:35,2025-05-25 09:00:58
2641,5704,2025-06-22 10:00:43,13,3,phone,2025-06-22 10:00:43,2025-06-24 13:57:19
2642,5754,2025-11-18 22:16:10,10,1,mobile_app,2025-11-18 22:16:10,2025-11-19 16:55:38
2643,5061,2025-04-21 05:43:29,11,2,referral,2025-04-21 05:43:29,2025-04-22 05:57:46
2644,5621,2025-12-17 12:13:49,14,3,walkin,2025-12-17 12:13:49,2025-12-20 10:39:37
2645,5006,2025-07-08 12:15:12,14,2,referral,2025-07-08 12:15:12,2025-07-10 00:59:34
2646,6001,2025-09-01 06:50:27,12,1,mobile_app,2025-09-01 06:50:27,2025-09-03 07:43:14
2647,5043,2025-11-12 10:31:48,12,1,mobile_app,2025-11-12 10:31:48,2025-11-12 23:35:29
2648,5505,2025-08-10 17:21:22,13,1,walkin,2025-08-10 17:21:22,2025-08-13 09:16:57
2649,5325,2026-01-01 20:03:42,13,1,referral,2026-01-01 20:03:42,2026-01-03 10:41:09
2650,5120,2025-07-31 15:53:03,11,2,referral,2025-07-31 15:53:03,2025-07-31 19:05:59
2651,5766,2025-08-19 00:57:46,13,2,referral,2025-08-19 00:57:46,2025-08-21 20:24:33
2652,5628,2025-07-12 10:24:07,12,2,online,2025-07-12 10:24:07,2025-07-14 00:02:48
2653,5324,2025-10-08 19:00:46,11,3,phone,2025-10-08 19:00:46,2025-10-11 02:37:18
2654,5055,2025-06-13 08:51:41,10,1,online,2025-06-13 08:51:41,2025-06-13 19:41:01
2655,5037,2025-09-30 15:01:28,11,3,phone,2025-09-30 15:01:28,2025-10-01 09:58:24
2656,5447,2025-05-16 01:25:20,13,1,phone,2025-05-16 01:25:20,2025-05-18 18:36:24
2657,5366,2026-01-01 08:37:50,13,2,phone,2026-01-01 08:37:50,2026-01-03 01:28:14
2658,5116,2025-05-28 11:57:38,12,1,online,2025-05-28 11:57:38,2025-05-28 20:57:53
2659,5890,2025-07-20 08:09:26,11,3,mobile_app,2025-07-20 08:09:26,2025-07-20 21:18:43
2660,5843,2025-07-15 22:36:05,14,1,mobile_app,2025-07-15 22:36:05,2025-07-17 15:36:56
2661,5995,2025-04-02 14:27:16,14,1,phone,2025-04-02 14:27:16,2025-04-04 04:45:27
2662,5943,2025-04-30 20:09:30,13,3,walkin,2025-04-30 20:09:30,2025-05-01 14:04:58
2663,5909,2025-08-06 15:18:45,12,3,walkin,2025-08-06 15:18:45,2025-08-06 17:12:10
2664,5404,2025-08-24 01:48:56,10,2,online,2025-08-24 01:48:56,2025-08-25 20:48:09
2665,5030,2025-05-02 11:33:50,13,2,referral,2025-05-02 11:33:50,2025-05-03 21:04:37
2666,5609,2025-12-12 13:03:47,12,1,mobile_app,2025-12-12 13:03:47,2025-12-12 13:29:08
2667,5974,2025-09-23 23:13:00,14,1,online,2025-09-23 23:13:00,2025-09-24 22:52:34
2668,5884,2025-04-19 21:45:05,12,2,walkin,2025-04-19 21:45:05,2025-04-22 08:07:08
2669,5762,2025-04-28 11:11:46,14,2,walkin,2025-04-28 11:11:46,2025-04-30 03:02:19
2670,5409,2025-07-09 02:17:59,11,2,walkin,2025-07-09 02:17:59,2025-07-09 15:15:43
2671,5022,2025-06-20 20:46:35,13,2,referral,2025-06-20 20:46:35,2025-06-21 08:38:28
2672,5663,2025-12-11 00:19:16,10,2,phone,2025-12-11 00:19:16,2025-12-11 11:32:41
2673,5821,2025-09-15 21:52:21,12,3,mobile_app,2025-09-15 21:52:21,2025-09-18 03:27:29
2674,5135,2025-08-18 10:32:06,10,2,mobile_app,2025-08-18 10:32:06,2025-08-20 10:59:48
2675,5205,2025-10-08 03:37:02,13,2,referral,2025-10-08 03:37:02,2025-10-09 12:03:12
2676,5577,2025-11-20 03:34:52,10,2,referral,2025-11-20 03:34:52,2025-11-21 10:23:17
2677,5629,2025-06-12 08:57:44,13,1,walkin,2025-06-12 08:57:44,2025-06-13 16:34:22
2678,5526,2025-08-11 17:17:34,13,3,online,2025-08-11 17:17:34,2025-08-14 16:09:51
2679,5664,2025-12-23 12:11:17,11,2,mobile_app,2025-12-23 12:11:17,2025-12-25 16:09:12
2680,5645,2025-12-08 08:34:40,10,2,phone,2025-12-08 08:34:40,2025-12-09 22:47:01
2681,5448,2025-05-01 18:02:24,13,2,online,2025-05-01 18:02:24,2025-05-04 12:06:03
2682,5131,2025-12-22 18:16:05,12,1,mobile_app,2025-12-22 18:16:05,2025-12-25 12:00:55
2683,5438,2025-07-24 18:05:18,10,3,walkin,2025-07-24 18:05:18,2025-07-26 11:29:16
2684,5940,2025-04-18 12:18:53,10,3,phone,2025-04-18 12:18:53,2025-04-20 01:42:01
2685,5423,2025-05-07 16:39:29,14,2,referral,2025-05-07 16:39:29,2025-05-09 02:29:35
2686,5261,2025-11-14 09:53:17,14,1,walkin,2025-11-14 09:53:17,2025-11-14 15:50:32
2687,5759,2025-12-13 22:21:24,11,1,phone,2025-12-13 22:21:24,2025-12-15 08:03:44
2688,5047,2025-05-03 08:19:27,12,2,mobile_app,2025-05-03 08:19:27,2025-05-04 14:38:04
2689,5742,2025-09-24 16:53:24,13,3,referral,2025-09-24 16:53:24,2025-09-27 00:02:19
2690,5350,2025-06-12 16:45:12,11,1,mobile_app,2025-06-12 16:45:12,2025-06-13 08:07:22
2691,5266,2025-12-18 12:37:28,13,3,walkin,2025-12-18 12:37:28,2025-12-18 20:22:01
2692,5006,2025-09-01 09:03:00,10,1,phone,2025-09-01 09:03:00,2025-09-01 17:32:46
2693,5472,2025-12-25 16:06:05,14,3,phone,2025-12-25 16:06:05,2025-12-26 21:35:57
2694,5311,2025-11-27 04:49:55,14,2,phone,2025-11-27 04:49:55,2025-11-29 16:02:32
2695,5824,2025-07-27 12:57:52,11,1,walkin,2025-07-27 12:57:52,2025-07-27 19:20:45
2696,5196,2025-05-14 11:06:00,10,3,online,2025-05-14 11:06:00,2025-05-16 22:31:01
2697,5880,2025-04-11 09:56:12,13,3,online,2025-04-11 09:56:12,2025-04-12 01:10:20
2698,5666,2025-07-03 21:33:17,14,1,walkin,2025-07-03 21:33:17,2025-07-05 05:17:16
2699,5309,2025-09-27 23:26:21,13,2,walkin,2025-09-27 23:26:21,2025-09-28 10:13:41
2700,5120,2025-06-04 12:12:55,11,3,phone,2025-06-04 12:12:55,2025-06-07 05:55:37
2701,5987,2025-10-06 08:57:51,10,2,mobile_app,2025-10-06 08:57:51,2025-10-07 19:17:49
2702,5249,2025-06-18 04:36:36,14,2,walkin,2025-06-18 04:36:36,2025-06-19 02:04:44
2703,5342,2025-04-04 01:23:37,13,2,phone,2025-04-04 01:23:37,2025-04-04 08:52:09
2704,5755,2025-11-11 17:30:50,14,2,walkin,2025-11-11 17:30:50,2025-11-13 12:54:05
2705,5500,2025-09-03 05:17:27,14,3,mobile_app,2025-09-03 05:17:27,2025-09-04 16:41:15
2706,5958,2025-12-20 13:38:36,13,1,walkin,2025-12-20 13:38:36,2025-12-23 07:32:55
2707,5541,2025-04-08 09:16:33,14,2,mobile_app,2025-04-08 09:16:33,2025-04-09 16:00:18
2708,5066,2025-07-14 00:31:56,13,2,walkin,2025-07-14 00:31:56,2025-07-16 17:32:58
2709,5507,2025-11-28 19:57:13,12,2,phone,2025-11-28 19:57:13,2025-12-01 16:19:36
2710,5022,2025-06-02 15:44:11,11,2,referral,2025-06-02 15:44:11,2025-06-03 12:42:31
2711,5449,2025-06-30 03:21:28,11,3,referral,2025-06-30 03:21:28,2025-07-01 16:19:21
2712,5944,2025-11-20 19:58:47,13,1,referral,2025-11-20 19:58:47,2025-11-23 10:07:34
2713,5741,2026-01-02 06:35:25,13,3,referral,2026-01-02 06:35:25,2026-01-03 11:00:58
2714,5816,2025-10-01 10:23:11,11,3,online,2025-10-01 10:23:11,2025-10-03 20:37:21
2715,5290,2025-12-25 05:46:03,10,3,phone,2025-12-25 05:46:03,2025-12-27 12:19:35
2716,5133,2025-06-07 07:11:24,11,3,phone,2025-06-07 07:11:24,2025-06-07 21:42:57
2717,5104,2025-09-09 13:15:18,13,2,online,2025-09-09 13:15:18,2025-09-12 09:55:34
2718,5215,2025-11-03 06:02:11,10,2,referral,2025-11-03 06:02:11,2025-11-03 09:27:44
2719,5366,2025-12-19 21:25:29,11,3,walkin,2025-12-19 21:25:29,2025-12-20 08:58:26
2720,5827,2025-04-25 17:24:22,13,1,mobile_app,2025-04-25 17:24:22,2025-04-26 17:59:57
2721,5233,2025-05-17 20:53:38,11,2,referral,2025-05-17 20:53:38,2025-05-19 13:48:58
2722,5349,2025-08-16 23:05:09,10,3,referral,2025-08-16 23:05:09,2025-08-19 07:06:35
2723,5918,2025-05-29 17:05:04,14,3,walkin,2025-05-29 17:05:04,2025-06-01 07:13:39
2724,5724,2025-04-20 13:58:02,13,2,walkin,2025-04-20 13:58:02,2025-04-23 09:26:33
2725,5999,2025-05-12 02:59:01,14,3,walkin,2025-05-12 02:59:01,2025-05-14 11:54:06
2726,5844,2025-11-05 10:37:37,14,1,online,2025-11-05 10:37:37,2025-11-05 13:40:59
2727,5646,2025-05-16 20:23:34,11,2,online,2025-05-16 20:23:34,2025-05-19 11:48:27
2728,5746,2025-07-23 10:47:00,13,3,phone,2025-07-23 10:47:00,2025-07-25 14:21:00
2729,5751,2025-05-09 13:29:21,12,2,online,2025-05-09 13:29:21,2025-05-10 00:43:28
2730,5126,2025-06-18 09:45:15,13,1,online,2025-06-18 09:45:15,2025-06-19 17:43:44
2731,5855,2025-10-01 22:51:44,12,3,online,2025-10-01 22:51:44,2025-10-02 23:42:59
2732,5088,2025-07-13 07:26:43,13,2,online,2025-07-13 07:26:43,2025-07-14 10:33:54
2733,5156,2025-10-23 16:41:54,11,1,phone,2025-10-23 16:41:54,2025-10-24 23:24:25
2734,5424,2025-09-06 23:02:21,13,3,referral,2025-09-06 23:02:21,2025-09-09 16:26:03
2735,5967,2025-04-12 13:24:38,11,1,mobile_app,2025-04-12 13:24:38,2025-04-13 21:38:17
2736,5967,2025-04-28 00:32:37,12,2,phone,2025-04-28 00:32:37,2025-04-28 06:43:01
2737,5791,2025-06-03 19:37:01,10,2,walkin,2025-06-03 19:37:01,2025-06-05 03:13:30
2738,5677,2025-12-06 02:53:39,14,1,mobile_app,2025-12-06 02:53:39,2025-12-06 13:53:10
2739,5997,2025-07-24 20:21:05,13,3,mobile_app,2025-07-24 20:21:05,2025-07-26 02:53:03
2740,5895,2025-07-28 04:29:46,12,2,walkin,2025-07-28 04:29:46,2025-07-30 09:02:16
2741,5847,2025-07-18 15:44:43,14,3,online,2025-07-18 15:44:43,2025-07-21 09:17:47
2742,5718,2025-09-04 20:58:32,11,3,mobile_app,2025-09-04 20:58:32,2025-09-06 05:27:57
2743,5808,2025-11-27 01:55:29,13,3,referral,2025-11-27 01:55:29,2025-11-29 01:24:16
2744,5909,2025-12-08 22:51:12,11,2,walkin,2025-12-08 22:51:12,2025-12-10 04:18:30
2745,5038,2025-10-26 17:14:35,13,3,online,2025-10-26 17:14:35,2025-10-27 17:36:00
2746,5533,2025-10-28 00:31:48,11,1,mobile_app,2025-10-28 00:31:48,2025-10-28 21:12:17
2747,5566,2025-07-31 06:24:12,12,3,online,2025-07-31 06:24:12,2025-08-01 20:21:57
2748,5024,2025-04-11 19:57:54,14,3,referral,2025-04-11 19:57:54,2025-04-14 12:47:45
2749,5248,2025-07-28 00:56:44,13,3,walkin,2025-07-28 00:56:44,2025-07-30 05:50:54
2750,5750,2025-04-24 06:44:05,12,2,mobile_app,2025-04-24 06:44:05,2025-04-26 20:01:01
2751,5363,2025-05-19 02:01:15,10,2,referral,2025-05-19 02:01:15,2025-05-19 05:29:47
2752,5587,2025-04-03 00:35:32,12,1,mobile_app,2025-04-03 00:35:32,2025-04-04 09:35:21
2753,5580,2026-01-03 12:59:38,14,3,online,2026-01-03 12:59:38,2026-01-04 23:59:59
2754,5359,2025-07-26 04:45:40,14,3,online,2025-07-26 04:45:40,2025-07-27 01:28:49
2755,5732,2025-08-25 16:05:58,11,1,referral,2025-08-25 16:05:58,2025-08-27 05:56:25
2756,5529,2025-11-13 04:04:22,12,2,walkin,2025-11-13 04:04:22,2025-11-13 18:05:39
2757,5151,2026-01-02 08:58:10,13,1,walkin,2026-01-02 08:58:10,2026-01-03 15:58:02
2758,5064,2025-09-13 00:13:52,11,2,online,2025-09-13 00:13:52,2025-09-15 16:55:49
2759,5457,2025-05-01 07:41:24,14,2,mobile_app,2025-05-01 07:41:24,2025-05-02 10:34:52
2760,5573,2025-10-19 12:55:04,13,2,mobile_app,2025-10-19 12:55:04,2025-10-21 21:37:48
2761,5511,2025-12-04 04:14:52,13,3,phone,2025-12-04 04:14:52,2025-12-05 11:04:49
2762,5750,2025-09-09 21:59:52,11,1,mobile_app,2025-09-09 21:59:52,2025-09-12 09:59:09
2763,5131,2025-10-06 06:19:54,13,1,mobile_app,2025-10-06 06:19:54,2025-10-08 10:06:57
2764,5884,2025-10-23 11:57:09,11,2,phone,2025-10-23 11:57:09,2025-10-23 20:32:57
2765,5034,2025-05-31 21:51:06,14,2,walkin,2025-05-31 21:51:06,2025-06-03 18:35:48
2766,5617,2025-09-06 16:36:47,10,2,mobile_app,2025-09-06 16:36:47,2025-09-07 00:38:50
2767,5297,2025-04-16 15:27:24,11,1,referral,2025-04-16 15:27:24,2025-04-18 05:31:26
2768,5313,2025-08-24 10:13:04,12,2,walkin,2025-08-24 10:13:04,2025-08-25 08:18:01
2769,5811,2025-05-26 11:38:21,14,2,walkin,2025-05-26 11:38:21,2025-05-26 21:59:22
2770,5960,2025-07-28 12:20:03,12,1,online,2025-07-28 12:20:03,2025-07-31 05:04:24
2771,5839,2025-10-07 19:53:13,10,3,referral,2025-10-07 19:53:13,2025-10-07 20:02:19
2772,5070,2025-04-18 08:28:15,13,3,referral,2025-04-18 08:28:15,2025-04-19 14:52:39
2773,5580,2025-09-23 16:26:06,12,2,phone,2025-09-23 16:26:06,2025-09-26 09:59:30
2774,5855,2025-11-22 05:37:25,11,3,phone,2025-11-22 05:37:25,2025-11-22 15:17:40
2775,5780,2025-09-22 17:38:45,13,1,referral,2025-09-22 17:38:45,2025-09-24 18:13:52
2776,5092,2025-11-29 15:16:56,14,2,phone,2025-11-29 15:16:56,2025-12-01 15:40:11
2777,5239,2025-09-01 13:22:06,14,1,phone,2025-09-01 13:22:06,2025-09-02 14:03:12
2778,5754,2025-07-17 17:19:23,10,1,walkin,2025-07-17 17:19:23,2025-07-19 16:21:26
2779,5586,2025-12-01 17:02:36,12,3,walkin,2025-12-01 17:02:36,2025-12-04 03:01:04
2780,5660,2025-11-04 05:32:46,11,3,mobile_app,2025-11-04 05:32:46,2025-11-04 11:44:48
2781,5591,2025-04-21 12:49:29,14,3,online,2025-04-21 12:49:29,2025-04-24 10:31:57
2782,5769,2025-10-02 19:06:36,10,1,mobile_app,2025-10-02 19:06:36,2025-10-04 07:42:39
2783,5185,2025-04-08 08:50:47,11,1,mobile_app,2025-04-08 08:50:47,2025-04-09 04:52:06
2784,5455,2025-05-03 20:58:33,14,3,referral,2025-05-03 20:58:33,2025-05-06 07:44:02
2785,5412,2025-11-15 16:52:51,13,1,referral,2025-11-15 16:52:51,2025-11-15 20:09:23
2786,5448,2025-06-10 02:27:23,10,3,referral,2025-06-10 02:27:23,2025-06-11 08:40:16
2787,5392,2025-07-09 21:04:14,10,1,mobile_app,2025-07-09 21:04:14,2025-07-10 03:41:55
2788,5173,2025-07-20 19:40:15,11,2,walkin,2025-07-20 19:40:15,2025-07-21 06:09:32
2789,5158,2025-07-29 03:31:45,13,3,online,2025-07-29 03:31:45,2025-08-01 00:51:49
2790,5061,2025-11-25 15:19:33,12,1,walkin,2025-11-25 15:19:33,2025-11-28 13:18:45
2791,5731,2025-04-23 17:16:34,13,1,referral,2025-04-23 17:16:34,2025-04-24 14:58:39
2792,5146,2025-09-08 07:47:14,12,2,phone,2025-09-08 07:47:14,2025-09-11 00:48:51
2793,5965,2025-05-17 23:29:14,11,1,mobile_app,2025-05-17 23:29:14,2025-05-18 03:15:53
2794,5601,2025-07-01 20:15:25,14,3,phone,2025-07-01 20:15:25,2025-07-03 08:09:16
2795,5973,2025-05-15 16:38:10,10,2,phone,2025-05-15 16:38:10,2025-05-16 12:14:42
2796,5567,2025-09-06 02:13:39,13,1,phone,2025-09-06 02:13:39,2025-09-06 06:59:38
2797,5649,2025-06-30 18:37:08,10,2,mobile_app,2025-06-30 18:37:08,2025-07-03 13:09:18
2798,5987,2025-11-14 15:31:31,10,1,mobile_app,2025-11-14 15:31:31,2025-11-16 16:41:03
2799,5668,2025-05-19 18:24:35,14,2,phone,2025-05-19 18:24:35,2025-05-20 16:35:27
2800,5086,2025-12-03 22:04:34,11,1,referral,2025-12-03 22:04:34,2025-12-05 10:30:59
2801,5554,2025-06-05 07:37:43,11,3,phone,2025-06-05 07:37:43,2025-06-07 16:34:25
2802,5985,2025-11-02 14:23:38,10,1,phone,2025-11-02 14:23:38,2025-11-03 23:17:19
2803,5985,2025-11-28 01:37:19,11,1,walkin,2025-11-28 01:37:19,2025-11-28 22:41:04
2804,5956,2025-10-05 06:18:06,14,2,phone,2025-10-05 06:18:06,2025-10-06 02:12:10
2805,5360,2025-12-02 12:35:44,14,3,referral,2025-12-02 12:35:44,2025-12-03 04:05:16
2806,5047,2025-06-02 16:30:32,14,3,walkin,2025-06-02 16:30:32,2025-06-04 22:20:04
2807,5308,2025-05-05 20:12:19,10,1,mobile_app,2025-05-05 20:12:19,2025-05-07 00:59:25
2808,5287,2025-09-15 18:10:54,14,3,referral,2025-09-15 18:10:54,2025-09-16 09:32:07
2809,5906,2025-12-21 21:38:31,12,3,referral,2025-12-21 21:38:31,2025-12-24 18:29:04
2810,5771,2025-12-31 20:44:46,12,1,referral,2025-12-31 20:44:46,2026-01-02 05:42:43
2811,5350,2025-06-21 19:09:25,14,2,walkin,2025-06-21 19:09:25,2025-06-23 04:38:18
2812,5936,2025-12-25 16:27:48,10,3,phone,2025-12-25 16:27:48,2025-12-26 02:12:03
2813,5005,2025-04-04 17:16:44,11,2,mobile_app,2025-04-04 17:16:44,2025-04-06 18:15:49
2814,5917,2025-12-27 11:45:24,13,2,mobile_app,2025-12-27 11:45:24,2025-12-29 14:58:09
2815,5084,2025-12-09 02:01:30,10,3,walkin,2025-12-09 02:01:30,2025-12-11 01:26:55
2816,5914,2025-12-17 19:53:15,10,2,phone,2025-12-17 19:53:15,2025-12-19 04:18:15
2817,5848,2025-11-20 12:37:24,13,1,walkin,2025-11-20 12:37:24,2025-11-21 14:41:22
2818,5128,2025-09-27 16:36:25,11,2,walkin,2025-09-27 16:36:25,2025-09-28 19:35:04
2819,5227,2025-04-08 16:22:42,12,3,referral,2025-04-08 16:22:42,2025-04-10 23:36:17
2820,5197,2025-05-05 22:32:55,14,3,referral,2025-05-05 22:32:55,2025-05-08 09:59:18
2821,5828,2026-01-04 18:28:11,11,2,referral,2026-01-04 18:28:11,2026-01-04 23:59:59
2822,5038,2025-07-19 00:50:20,14,1,walkin,2025-07-19 00:50:20,2025-07-20 12:43:34
2823,5201,2025-12-04 22:39:20,10,2,mobile_app,2025-12-04 22:39:20,2025-12-06 03:29:51
2824,5513,2025-10-09 20:31:09,14,1,mobile_app,2025-10-09 20:31:09,2025-10-10 08:55:58
2825,5689,2025-12-22 00:16:34,14,1,walkin,2025-12-22 00:16:34,2025-12-23 20:10:59
2826,5603,2025-05-20 19:20:34,10,1,referral,2025-05-20 19:20:34,2025-05-23 01:39:46
2827,5956,2025-11-08 07:53:01,11,3,referral,2025-11-08 07:53:01,2025-11-10 22:10:39
2828,5197,2025-12-20 07:13:10,14,3,referral,2025-12-20 07:13:10,2025-12-20 08:54:10
2829,5698,2025-11-04 12:39:33,13,1,phone,2025-11-04 12:39:33,2025-11-07 04:57:52
2830,5657,2025-12-18 09:44:40,10,2,phone,2025-12-18 09:44:40,2025-12-21 06:25:01
2831,5865,2025-09-06 00:21:29,10,3,mobile_app,2025-09-06 00:21:29,2025-09-06 20:18:45
2832,5478,2025-10-10 11:05:28,14,1,online,2025-10-10 11:05:28,2025-10-11 13:24:45
2833,5049,2025-07-17 22:31:24,13,3,phone,2025-07-17 22:31:24,2025-07-20 17:23:54
2834,5324,2025-04-03 00:05:16,11,2,walkin,2025-04-03 00:05:16,2025-04-04 04:37:19
2835,5902,2025-11-09 01:44:42,10,3,online,2025-11-09 01:44:42,2025-11-11 12:33:28
2836,5707,2025-09-12 14:17:27,10,1,online,2025-09-12 14:17:27,2025-09-15 12:02:02
2837,5169,2025-08-06 20:35:45,10,3,walkin,2025-08-06 20:35:45,2025-08-07 19:13:40
2838,5029,2025-10-04 09:36:40,10,3,referral,2025-10-04 09:36:40,2025-10-05 17:03:52
2839,5861,2025-07-07 05:59:07,10,2,online,2025-07-07 05:59:07,2025-07-07 23:58:56
2840,5982,2025-08-11 08:30:16,10,2,mobile_app,2025-08-11 08:30:16,2025-08-13 21:07:35
2841,5814,2025-07-01 22:36:39,10,3,mobile_app,2025-07-01 22:36:39,2025-07-04 19:19:04
2842,5450,2025-05-08 03:42:57,13,3,walkin,2025-05-08 03:42:57,2025-05-10 01:15:08
2843,5088,2025-04-24 13:38:35,10,2,referral,2025-04-24 13:38:35,2025-04-27 08:23:46
2844,5912,2025-12-26 06:37:04,11,1,phone,2025-12-26 06:37:04,2025-12-26 11:21:10
2845,5057,2025-07-27 01:54:50,13,1,walkin,2025-07-27 01:54:50,2025-07-28 22:23:11
2846,5694,2025-04-22 16:00:00,10,2,phone,2025-04-22 16:00:00,2025-04-24 08:43:26
2847,5412,2025-05-08 05:12:09,13,1,mobile_app,2025-05-08 05:12:09,2025-05-10 02:09:11
2848,5807,2025-12-13 05:04:25,10,2,phone,2025-12-13 05:04:25,2025-12-15 02:30:44
2849,5476,2025-09-14 06:14:04,14,3,walkin,2025-09-14 06:14:04,2025-09-16 22:18:34
2850,5348,2025-12-09 19:01:38,10,2,mobile_app,2025-12-09 19:01:38,2025-12-12 15:18:00
2851,5337,2025-11-15 06:49:03,10,1,walkin,2025-11-15 06:49:03,2025-11-15 20:50:00
2852,5610,2026-01-03 00:25:56,14,1,mobile_app,2026-01-03 00:25:56,2026-01-03 05:21:02
2853,5130,2025-12-04 12:39:38,12,2,phone,2025-12-04 12:39:38,2025-12-06 01:43:02
2854,5493,2025-11-28 02:44:58,11,1,online,2025-11-28 02:44:58,2025-11-29 11:07:33
2855,5817,2025-04-18 02:46:10,11,2,mobile_app,2025-04-18 02:46:10,2025-04-18 07:10:27
2856,5447,2025-10-17 06:40:42,12,2,mobile_app,2025-10-17 06:40:42,2025-10-20 04:33:52
2857,5907,2025-10-28 03:49:29,11,1,phone,2025-10-28 03:49:29,2025-10-30 12:17:40
2858,5317,2025-11-21 07:26:18,12,2,walkin,2025-11-21 07:26:18,2025-11-22 08:24:27
2859,5531,2025-11-14 18:00:58,11,1,online,2025-11-14 18:00:58,2025-11-16 17:54:24
2860,5520,2025-11-04 06:27:04,10,2,referral,2025-11-04 06:27:04,2025-11-06 20:58:47
2861,5201,2025-06-17 19:36:05,11,1,referral,2025-06-17 19:36:05,2025-06-19 18:14:42
2862,5194,2025-12-16 08:54:27,13,3,referral,2025-12-16 08:54:27,2025-12-17 19:32:55
2863,5873,2025-11-11 15:10:44,12,3,referral,2025-11-11 15:10:44,2025-11-13 08:24:02
2864,5429,2025-08-06 14:57:05,10,2,walkin,2025-08-06 14:57:05,2025-08-07 02:46:05
2865,5508,2025-06-25 05:00:39,10,3,online,2025-06-25 05:00:39,2025-06-27 23:59:59
2866,5710,2025-06-29 10:18:33,14,1,online,2025-06-29 10:18:33,2025-06-30 20:16:52
2867,5493,2025-08-07 17:56:41,13,1,phone,2025-08-07 17:56:41,2025-08-10 04:43:42
2868,5189,2025-04-03 14:41:06,10,1,referral,2025-04-03 14:41:06,2025-04-04 17:06:16
2869,5031,2025-11-02 10:06:01,11,2,phone,2025-11-02 10:06:01,2025-11-02 18:29:17
2870,5200,2025-12-02 04:27:53,12,1,walkin,2025-12-02 04:27:53,2025-12-03 23:06:47
2871,5204,2025-06-16 19:51:45,11,1,referral,2025-06-16 19:51:45,2025-06-17 16:33:00
2872,5737,2025-06-07 16:26:58,14,1,online,2025-06-07 16:26:58,2025-06-08 17:11:39
2873,5201,2025-04-09 08:19:12,12,1,walkin,2025-04-09 08:19:12,2025-04-09 21:08:29
2874,5852,2025-12-20 02:18:49,13,3,walkin,2025-12-20 02:18:49,2025-12-20 12:18:26
2875,5347,2025-06-21 15:33:15,13,1,referral,2025-06-21 15:33:15,2025-06-22 13:46:07
2876,5829,2025-08-23 14:33:21,11,3,mobile_app,2025-08-23 14:33:21,2025-08-25 14:40:54
2877,5903,2025-09-16 10:32:43,10,1,online,2025-09-16 10:32:43,2025-09-19 02:30:27
2878,5904,2025-05-21 19:05:41,11,1,mobile_app,2025-05-21 19:05:41,2025-05-24 04:58:38
2879,5388,2025-12-26 15:50:50,12,3,phone,2025-12-26 15:50:50,2025-12-27 19:05:58
2880,6001,2025-12-04 01:16:55,10,3,mobile_app,2025-12-04 01:16:55,2025-12-04 19:05:22
2881,5194,2025-10-25 22:55:36,11,2,online,2025-10-25 22:55:36,2025-10-26 20:20:54
2882,5055,2025-12-01 10:59:03,12,1,mobile_app,2025-12-01 10:59:03,2025-12-03 20:55:07
2883,5992,2025-11-13 20:02:27,13,1,walkin,2025-11-13 20:02:27,2025-11-16 12:32:43
2884,5804,2025-09-30 18:56:13,14,1,online,2025-09-30 18:56:13,2025-10-03 04:32:08
2885,5521,2025-08-29 17:30:06,14,2,phone,2025-08-29 17:30:06,2025-09-01 00:12:36
2886,5532,2025-09-28 07:17:04,12,3,referral,2025-09-28 07:17:04,2025-09-28 20:19:07
2887,5539,2025-12-26 17:17:57,13,2,referral,2025-12-26 17:17:57,2025-12-28 04:29:30
2888,5596,2025-09-03 17:05:17,14,3,walkin,2025-09-03 17:05:17,2025-09-05 15:33:12
2889,5213,2025-06-25 06:07:59,11,2,online,2025-06-25 06:07:59,2025-06-27 23:17:47
2890,5406,2025-06-24 21:26:28,13,2,mobile_app,2025-06-24 21:26:28,2025-06-25 19:43:23
2891,5161,2025-08-24 06:55:59,14,1,online,2025-08-24 06:55:59,2025-08-25 01:28:02
2892,5770,2025-05-03 15:11:56,13,3,referral,2025-05-03 15:11:56,2025-05-04 12:41:01
2893,5236,2025-11-13 18:55:20,13,3,mobile_app,2025-11-13 18:55:20,2025-11-13 21:55:05
2894,5345,2025-09-13 11:33:42,13,2,phone,2025-09-13 11:33:42,2025-09-14 20:24:48
2895,5377,2025-10-11 05:26:14,12,2,walkin,2025-10-11 05:26:14,2025-10-12 04:31:19
2896,5184,2025-09-19 12:50:06,12,3,walkin,2025-09-19 12:50:06,2025-09-20 05:51:32
2897,5368,2025-05-03 00:11:46,14,3,mobile_app,2025-05-03 00:11:46,2025-05-03 21:38:32
2898,5660,2025-05-01 08:29:41,12,1,walkin,2025-05-01 08:29:41,2025-05-03 17:43:12
2899,5122,2025-04-28 17:01:04,10,3,online,2025-04-28 17:01:04,2025-04-29 19:14:57
2900,5342,2025-06-16 08:52:35,12,2,referral,2025-06-16 08:52:35,2025-06-18 10:02:10
2901,5764,2025-12-22 11:02:53,12,1,mobile_app,2025-12-22 11:02:53,2025-12-25 00:36:42
2902,5142,2026-01-04 03:19:52,14,2,walkin,2026-01-04 03:19:52,2026-01-04 23:59:59
2903,5789,2025-07-26 07:18:05,12,2,phone,2025-07-26 07:18:05,2025-07-27 03:49:29
2904,5842,2025-11-12 05:33:39,10,2,mobile_app,2025-11-12 05:33:39,2025-11-14 12:44:33
2905,5780,2025-05-28 23:24:03,13,1,online,2025-05-28 23:24:03,2025-05-31 14:25:19
2906,5741,2025-06-21 12:10:37,11,3,mobile_app,2025-06-21 12:10:37,2025-06-22 22:43:28
2907,5805,2025-11-01 14:44:50,13,3,phone,2025-11-01 14:44:50,2025-11-03 21:54:55
2908,5349,2025-05-04 08:25:15,11,2,phone,2025-05-04 08:25:15,2025-05-05 07:13:05
2909,5215,2025-09-18 08:48:05,14,1,referral,2025-09-18 08:48:05,2025-09-19 17:34:02
2910,5143,2025-11-11 06:46:07,11,2,walkin,2025-11-11 06:46:07,2025-11-13 22:23:35
2911,5512,2025-12-12 20:54:34,12,2,online,2025-12-12 20:54:34,2025-12-15 09:39:40
2912,5430,2025-09-13 07:59:30,13,3,mobile_app,2025-09-13 07:59:30,2025-09-15 09:55:38
2913,5307,2025-08-05 15:16:52,10,3,walkin,2025-08-05 15:16:52,2025-08-07 10:01:18
2914,5945,2025-05-25 00:49:47,12,3,mobile_app,2025-05-25 00:49:47,2025-05-25 12:01:16
2915,5936,2025-11-23 01:27:14,13,2,online,2025-11-23 01:27:14,2025-11-24 19:14:32
2916,5972,2025-08-30 16:59:34,14,2,online,2025-08-30 16:59:34,2025-08-30 21:37:54
2917,5487,2025-05-13 04:34:58,14,2,referral,2025-05-13 04:34:58,2025-05-14 04:31:41
2918,5096,2025-06-06 13:47:03,14,1,walkin,2025-06-06 13:47:03,2025-06-06 21:22:48
2919,5847,2025-12-24 14:10:27,13,1,online,2025-12-24 14:10:27,2025-12-26 10:06:35
2920,5204,2025-04-27 23:42:12,13,2,online,2025-04-27 23:42:12,2025-04-30 18:03:55
2921,5239,2025-07-23 01:18:00,14,1,phone,2025-07-23 01:18:00,2025-07-25 01:19:42
2922,5059,2025-08-22 04:05:17,10,1,referral,2025-08-22 04:05:17,2025-08-23 17:50:46
2923,5881,2025-09-07 13:30:15,11,1,online,2025-09-07 13:30:15,2025-09-08 17:59:00
2924,5550,2025-09-10 11:53:37,10,2,online,2025-09-10 11:53:37,2025-09-11 22:43:07
2925,5134,2025-06-19 21:02:55,13,3,phone,2025-06-19 21:02:55,2025-06-20 19:36:15
2926,5163,2025-11-21 10:58:47,12,3,online,2025-11-21 10:58:47,2025-11-23 04:51:23
2927,5515,2026-01-04 08:47:58,13,2,online,2026-01-04 08:47:58,2026-01-04 23:59:59
2928,5008,2025-05-26 09:59:08,10,2,mobile_app,2025-05-26 09:59:08,2025-05-27 18:26:33
2929,5827,2025-07-05 20:43:00,12,3,phone,2025-07-05 20:43:00,2025-07-07 11:00:30
2930,5472,2025-09-27 16:38:03,10,3,walkin,2025-09-27 16:38:03,2025-09-29 10:35:12
2931,5295,2025-12-07 23:56:40,13,2,referral,2025-12-07 23:56:40,2025-12-10 16:05:47
2932,5401,2025-11-25 01:49:49,11,2,online,2025-11-25 01:49:49,2025-11-27 13:47:26
2933,5184,2025-11-26 21:43:17,13,2,phone,2025-11-26 21:43:17,2025-11-29 03:06:52
2934,5933,2025-12-12 23:04:16,14,1,phone,2025-12-12 23:04:16,2025-12-13 12:25:44
2935,5716,2025-04-17 22:58:56,11,2,mobile_app,2025-04-17 22:58:56,2025-04-18 16:26:10
2936,5299,2025-12-15 21:41:34,10,3,online,2025-12-15 21:41:34,2025-12-18 16:24:55
2937,5931,2025-10-09 15:38:15,14,1,referral,2025-10-09 15:38:15,2025-10-10 21:35:09
2938,5079,2025-05-11 20:45:50,12,2,phone,2025-05-11 20:45:50,2025-05-13 09:29:34
2939,5169,2025-07-08 03:57:20,14,1,phone,2025-07-08 03:57:20,2025-07-08 19:03:21
2940,5028,2025-04-29 10:13:53,13,2,referral,2025-04-29 10:13:53,2025-05-01 08:45:08
2941,5764,2025-09-03 02:08:08,11,2,walkin,2025-09-03 02:08:08,2025-09-05 16:27:03
2942,5011,2025-07-07 07:48:53,11,2,phone,2025-07-07 07:48:53,2025-07-07 16:09:56
2943,5497,2025-09-27 04:09:32,10,3,online,2025-09-27 04:09:32,2025-09-27 09:07:39
2944,5731,2025-09-17 23:52:48,13,2,online,2025-09-17 23:52:48,2025-09-18 10:05:35
2945,5175,2025-04-08 00:23:18,10,1,referral,2025-04-08 00:23:18,2025-04-09 20:35:16
2946,5128,2025-10-25 15:20:05,13,1,walkin,2025-10-25 15:20:05,2025-10-27 21:19:30
2947,5688,2025-04-05 08:29:25,12,1,phone,2025-04-05 08:29:25,2025-04-07 09:48:56
2948,5367,2025-06-09 02:31:23,10,3,mobile_app,2025-06-09 02:31:23,2025-06-09 18:18:02
2949,5222,2025-09-19 16:16:49,10,3,mobile_app,2025-09-19 16:16:49,2025-09-21 19:00:55
2950,5657,2025-12-14 07:19:11,10,2,referral,2025-12-14 07:19:11,2025-12-16 11:29:13
2951,5455,2025-04-21 08:32:44,10,1,phone,2025-04-21 08:32:44,2025-04-23 04:06:19
2952,5786,2025-06-18 08:20:05,11,2,online,2025-06-18 08:20:05,2025-06-21 03:58:09
2953,5205,2025-05-06 11:46:59,13,1,walkin,2025-05-06 11:46:59,2025-05-06 12:57:03
2954,5346,2025-06-14 14:59:05,10,1,walkin,2025-06-14 14:59:05,2025-06-16 16:29:52
2955,5817,2025-12-14 21:56:32,11,1,phone,2025-12-14 21:56:32,2025-12-15 10:10:01
2956,5525,2025-05-12 19:41:09,12,2,mobile_app,2025-05-12 19:41:09,2025-05-15 07:04:40
2957,5642,2025-06-13 14:42:39,11,3,phone,2025-06-13 14:42:39,2025-06-15 12:11:53
2958,5962,2025-09-14 04:08:00,11,1,walkin,2025-09-14 04:08:00,2025-09-14 12:55:48
2959,5366,2025-08-04 14:00:23,10,2,referral,2025-08-04 14:00:23,2025-08-05 02:38:56
2960,5013,2025-08-30 03:28:57,13,1,walkin,2025-08-30 03:28:57,2025-08-30 18:58:32
2961,5674,2025-07-18 03:24:47,14,2,walkin,2025-07-18 03:24:47,2025-07-20 02:44:26
2962,5069,2025-06-24 21:08:05,12,3,phone,2025-06-24 21:08:05,2025-06-26 03:04:11
2963,5105,2026-01-02 17:16:16,14,1,referral,2026-01-02 17:16:16,2026-01-04 08:18:52
2964,5983,2025-05-07 19:05:00,12,3,phone,2025-05-07 19:05:00,2025-05-09 14:45:51
2965,5695,2025-12-26 09:56:45,12,1,referral,2025-12-26 09:56:45,2025-12-26 19:37:32
2966,5872,2025-12-15 19:01:26,10,2,walkin,2025-12-15 19:01:26,2025-12-17 06:07:53
2967,5624,2025-11-14 04:56:21,13,3,online,2025-11-14 04:56:21,2025-11-15 13:37:40
2968,5516,2025-11-15 03:36:13,10,1,walkin,2025-11-15 03:36:13,2025-11-17 06:54:47
2969,5632,2025-05-19 04:17:14,11,3,phone,2025-05-19 04:17:14,2025-05-20 02:46:36
2970,5776,2025-07-04 14:00:38,10,1,online,2025-07-04 14:00:38,2025-07-06 11:08:25
2971,5384,2025-10-11 16:28:03,11,1,phone,2025-10-11 16:28:03,2025-10-12 14:03:58
2972,5210,2025-12-06 08:14:10,11,3,mobile_app,2025-12-06 08:14:10,2025-12-06 10:59:47
2973,5969,2025-09-20 07:49:40,12,1,referral,2025-09-20 07:49:40,2025-09-22 13:39:31
2974,5326,2025-12-06 22:48:21,10,3,phone,2025-12-06 22:48:21,2025-12-09 08:06:40
2975,5664,2025-07-22 00:35:47,10,1,referral,2025-07-22 00:35:47,2025-07-24 07:14:59
2976,5351,2025-07-04 01:55:27,14,1,online,2025-07-04 01:55:27,2025-07-04 16:54:40
2977,5821,2025-12-23 22:33:53,11,3,phone,2025-12-23 22:33:53,2025-12-26 01:15:58
2978,5534,2025-08-03 21:52:26,13,3,walkin,2025-08-03 21:52:26,2025-08-04 11:14:21
2979,5067,2025-10-08 22:26:17,11,1,online,2025-10-08 22:26:17,2025-10-09 03:32:03
2980,5961,2025-06-19 07:28:06,10,1,mobile_app,2025-06-19 07:28:06,2025-06-19 16:36:41
2981,5563,2025-06-19 08:53:51,14,1,phone,2025-06-19 08:53:51,2025-06-20 02:06:18
2982,5743,2025-09-29 09:26:51,11,3,online,2025-09-29 09:26:51,2025-09-30 08:07:39
2983,5251,2025-09-12 16:07:22,14,1,referral,2025-09-12 16:07:22,2025-09-13 04:58:13
2984,5293,2025-11-10 20:38:27,11,2,phone,2025-11-10 20:38:27,2025-11-12 05:16:58
2985,5082,2025-08-18 15:32:47,13,1,phone,2025-08-18 15:32:47,2025-08-19 20:32:44
2986,5452,2025-09-12 03:49:26,14,3,phone,2025-09-12 03:49:26,2025-09-13 16:37:05
2987,5779,2025-05-31 12:53:33,13,1,phone,2025-05-31 12:53:33,2025-06-03 00:34:27
2988,5438,2025-05-03 07:47:11,12,3,mobile_app,2025-05-03 07:47:11,2025-05-05 15:02:41
2989,5157,2025-11-01 16:57:19,11,2,phone,2025-11-01 16:57:19,2025-11-03 21:52:05
2990,5475,2025-07-28 18:42:11,12,2,mobile_app,2025-07-28 18:42:11,2025-07-30 03:44:00
2991,5621,2025-10-04 17:47:38,12,1,phone,2025-10-04 17:47:38,2025-10-04 23:01:56
2992,5201,2025-05-31 02:08:11,11,1,walkin,2025-05-31 02:08:11,2025-06-02 20:50:49
2993,5883,2025-10-12 10:51:37,12,2,phone,2025-10-12 10:51:37,2025-10-14 16:02:38
2994,5948,2025-09-09 11:43:29,13,3,referral,2025-09-09 11:43:29,2025-09-12 08:11:39
2995,5394,2025-10-08 02:56:49,14,1,phone,2025-10-08 02:56:49,2025-10-09 01:21:39
2996,5907,2025-04-16 01:53:34,10,2,mobile_app,2025-04-16 01:53:34,2025-04-18 21:00:06
2997,5167,2025-06-15 10:20:16,13,2,referral,2025-06-15 10:20:16,2025-06-17 17:53:38
2998,5522,2026-01-01 09:33:22,12,3,walkin,2026-01-01 09:33:22,2026-01-02 21:08:11
2999,5667,2025-08-28 15:33:55,13,3,online,2025-08-28 15:33:55,2025-08-31 11:01:56
3000,5249,2025-10-03 12:43:29,12,3,walkin,2025-10-03 12:43:29,2025-10-03 15:14:14
